{"trains":[[{"start_ub":0,"min_duration":0,"resources":[{"resource":"r0"},{"resource":"r1"}],"successors":[1]},{"min_duration":13,"resources":[{"resource":"r2"},{"resource":"r0"},{"resource":"r1"}],"successors":[2]},{"start_lb":13,"min_duration":540,"resources":[{"resource":"r3"}],"successors":[3,4]},{"start_lb":553,"min_duration":17,"resources":[{"resource":"r4"},{"resource":"r3"}],"successors":[5]},{"start_lb":553,"min_duration":36,"resources":[{"resource":"r5"},{"resource":"r3"}],"successors":[6]},{"start_lb":570,"min_duration":207,"resources":[{"resource":"r6"}],"successors":[7]},{"start_lb":589,"min_duration":86,"resources":[{"resource":"r7"},{"resource":"r5"},{"resource":"r3"}],"successors":[8]},{"start_lb":777,"min_duration":6,"resources":[{"resource":"r8"},{"resource":"r6"}],"successors":[9]},{"start_lb":675,"min_duration":13,"resources":[{"resource":"r9"},{"resource":"r7"},{"resource":"r5"},{"resource":"r3"}],"successors":[10]},{"start_lb":783,"min_duration":583,"resources":[{"resource":"r10"}],"successors":[13]},{"start_lb":688,"min_duration":259,"resources":[{"resource":"r11"}],"successors":[11]},{"start_lb":947,"min_duration":10,"resources":[{"resource":"r12"},{"resource":"r11"}],"successors":[12]},{"start_lb":957,"min_duration":583,"resources":[{"resource":"r10"}],"successors":[13]},{"start_lb":1366,"min_duration":8,"resources":[{"resource":"r13"},{"resource":"r10"}],"successors":[14]},{"start_lb":1374,"min_duration":107,"resources":[{"resource":"r14"},{"resource":"r13"},{"resource":"r10"}],"successors":[15,16]},{"start_lb":1481,"min_duration":6,"resources":[{"resource":"r15"},{"resource":"r14"},{"resource":"r13"},{"resource":"r10"}],"successors":[17]},{"start_lb":1481,"min_duration":11,"resources":[{"resource":"r16"},{"resource":"r14"},{"resource":"r13"},{"resource":"r10"}],"successors":[18]},{"start_lb":1487,"min_duration":185,"resources":[{"resource":"r17"}],"successors":[19]},{"start_lb":1492,"min_duration":367,"resources":[{"resource":"r18"}],"successors":[20]},{"start_lb":1672,"min_duration":6,"resources":[{"resource":"r19"},{"resource":"r17"}],"successors":[21]},{"start_lb":1859,"min_duration":11,"resources":[{"resource":"r20"},{"resource":"r18"}],"successors":[22]},{"start_lb":1678,"min_duration":142,"resources":[{"resource":"r21"},{"resource":"r19"},{"resource":"r17"}],"successors":[23,24]},{"start_lb":1870,"min_duration":142,"resources":[{"resource":"r21"},{"resource":"r20"},{"resource":"r18"}],"successors":[25,26]},{"start_lb":1820,"min_duration":15,"resources":[{"resource":"r22"},{"resource":"r21"},{"resource":"r19"}],"successors":[27]},{"start_lb":1820,"min_duration":8,"resources":[{"resource":"r22"},{"resource":"r21"},{"resource":"r19"}],"successors":[28]},{"start_lb":2012,"min_duration":15,"resources":[{"resource":"r22"},{"resource":"r21"},{"resource":"r20"}],"successors":[29]},{"start_lb":2012,"min_duration":8,"resources":[{"resource":"r22"},{"resource":"r21"},{"resource":"r20"}],"successors":[30]},{"start_lb":1835,"min_duration":141,"resources":[{"resource":"r23"},{"resource":"r22"},{"resource":"r21"}],"successors":[31]},{"start_lb":1828,"min_duration":142,"resources":[{"resource":"r24"},{"resource":"r22"},{"resource":"r21"}],"successors":[32]},{"start_lb":2027,"min_duration":141,"resources":[{"resource":"r23"},{"resource":"r22"},{"resource":"r21"}],"successors":[31]},{"start_lb":2020,"min_duration":142,"resources":[{"resource":"r24"},{"resource":"r22"},{"resource":"r21"}],"successors":[32]},{"start_lb":1976,"min_duration":22,"resources":[{"resource":"r25"},{"resource":"r23"}],"successors":[33]},{"start_lb":1970,"min_duration":41,"resources":[{"resource":"r25"},{"resource":"r24"}],"successors":[34]},{"start_lb":1998,"min_duration":133,"resources":[{"resource":"r26"},{"resource":"r25"},{"resource":"r23"}],"successors":[35]},{"start_lb":2011,"min_duration":133,"resources":[{"resource":"r26"},{"resource":"r25"},{"resource":"r24"}],"successors":[36]},{"start_lb":2131,"min_duration":36,"resources":[{"resource":"r27"},{"resource":"r26"},{"resource":"r25"},{"resource":"r23"}],"successors":[37]},{"start_lb":2144,"min_duration":36,"resources":[{"resource":"r27"},{"resource":"r26"},{"resource":"r25"},{"resource":"r24"}],"successors":[38]},{"start_lb":2167,"min_duration":15,"resources":[{"resource":"r28"},{"resource":"r27"},{"resource":"r26"},{"resource":"r25"},{"resource":"r23"}],"successors":[39]},{"start_lb":2180,"min_duration":15,"resources":[{"resource":"r28"},{"resource":"r27"},{"resource":"r26"},{"resource":"r25"},{"resource":"r24"}],"successors":[40]},{"start_lb":2182,"min_duration":22,"resources":[{"resource":"r29"},{"resource":"r28"},{"resource":"r27"},{"resource":"r26"},{"resource":"r25"},{"resource":"r23"}],"successors":[41,42,43]},{"start_lb":2195,"min_duration":22,"resources":[{"resource":"r29"},{"resource":"r28"},{"resource":"r27"},{"resource":"r26"},{"resource":"r25"},{"resource":"r24"}],"successors":[44,45,46]},{"start_lb":2204,"min_duration":29,"resources":[{"resource":"r30"},{"resource":"r29"},{"resource":"r28"},{"resource":"r27"},{"resource":"r26"},{"resource":"r25"},{"resource":"r23"}],"successors":[47]},{"start_lb":2204,"min_duration":48,"resources":[{"resource":"r30"},{"resource":"r29"},{"resource":"r28"},{"resource":"r27"},{"resource":"r26"},{"resource":"r25"}],"successors":[48]},{"start_lb":2204,"min_duration":48,"resources":[{"resource":"r30"},{"resource":"r29"},{"resource":"r28"},{"resource":"r27"},{"resource":"r26"},{"resource":"r25"}],"successors":[49]},{"start_lb":2217,"min_duration":29,"resources":[{"resource":"r30"},{"resource":"r29"},{"resource":"r28"},{"resource":"r27"},{"resource":"r26"},{"resource":"r25"},{"resource":"r24"}],"successors":[50]},{"start_lb":2217,"min_duration":48,"resources":[{"resource":"r30"},{"resource":"r29"},{"resource":"r28"},{"resource":"r27"},{"resource":"r26"},{"resource":"r25"}],"successors":[51]},{"start_lb":2217,"min_duration":48,"resources":[{"resource":"r30"},{"resource":"r29"},{"resource":"r28"},{"resource":"r27"},{"resource":"r26"},{"resource":"r25"}],"successors":[52]},{"start_lb":2233,"min_duration":49,"resources":[{"resource":"r31"},{"resource":"r30"},{"resource":"r29"},{"resource":"r28"},{"resource":"r27"},{"resource":"r26"},{"resource":"r25"}],"successors":[53,54]},{"start_lb":2252,"min_duration":33,"resources":[{"resource":"r32"},{"resource":"r30"},{"resource":"r29"},{"resource":"r28"},{"resource":"r27"},{"resource":"r26"},{"resource":"r25"}],"successors":[55,56]},{"start_lb":2252,"min_duration":33,"resources":[{"resource":"r32"},{"resource":"r30"},{"resource":"r29"},{"resource":"r28"},{"resource":"r27"},{"resource":"r26"},{"resource":"r25"}],"successors":[57,58]},{"start_lb":2246,"min_duration":49,"resources":[{"resource":"r31"},{"resource":"r30"},{"resource":"r29"},{"resource":"r28"},{"resource":"r27"},{"resource":"r26"},{"resource":"r25"}],"successors":[59,60]},{"start_lb":2265,"min_duration":33,"resources":[{"resource":"r32"},{"resource":"r30"},{"resource":"r29"},{"resource":"r28"},{"resource":"r27"},{"resource":"r26"},{"resource":"r25"}],"successors":[61,62]},{"start_lb":2265,"min_duration":33,"resources":[{"resource":"r32"},{"resource":"r30"},{"resource":"r29"},{"resource":"r28"},{"resource":"r27"},{"resource":"r26"},{"resource":"r25"}],"successors":[63,64]},{"start_lb":2282,"min_duration":53,"resources":[{"resource":"r33"},{"resource":"r31"},{"resource":"r30"},{"resource":"r29"},{"resource":"r28"},{"resource":"r27"},{"resource":"r26"}],"successors":[65]},{"start_lb":2282,"min_duration":31,"resources":[{"resource":"r34"},{"resource":"r31"},{"resource":"r30"},{"resource":"r29"},{"resource":"r28"},{"resource":"r27"},{"resource":"r26"}],"successors":[66,67]},{"start_lb":2285,"min_duration":33,"resources":[{"resource":"r34"},{"resource":"r32"},{"resource":"r30"},{"resource":"r29"},{"resource":"r28"},{"resource":"r27"},{"resource":"r26"}],"successors":[68,69]},{"start_lb":2285,"min_duration":33,"resources":[{"resource":"r35"},{"resource":"r32"},{"resource":"r30"},{"resource":"r29"},{"resource":"r28"},{"resource":"r27"},{"resource":"r26"}],"successors":[70,71]},{"start_lb":2285,"min_duration":33,"resources":[{"resource":"r34"},{"resource":"r32"},{"resource":"r30"},{"resource":"r29"},{"resource":"r28"},{"resource":"r27"},{"resource":"r26"}],"successors":[72,73]},{"start_lb":2285,"min_duration":33,"resources":[{"resource":"r35"},{"resource":"r32"},{"resource":"r30"},{"resource":"r29"},{"resource":"r28"},{"resource":"r27"},{"resource":"r26"}],"successors":[74,75]},{"start_lb":2295,"min_duration":53,"resources":[{"resource":"r33"},{"resource":"r31"},{"resource":"r30"},{"resource":"r29"},{"resource":"r28"},{"resource":"r27"},{"resource":"r26"}],"successors":[65]},{"start_lb":2295,"min_duration":31,"resources":[{"resource":"r34"},{"resource":"r31"},{"resource":"r30"},{"resource":"r29"},{"resource":"r28"},{"resource":"r27"},{"resource":"r26"}],"successors":[66,67]},{"start_lb":2298,"min_duration":33,"resources":[{"resource":"r34"},{"resource":"r32"},{"resource":"r30"},{"resource":"r29"},{"resource":"r28"},{"resource":"r27"},{"resource":"r26"}],"successors":[68,69]},{"start_lb":2298,"min_duration":33,"resources":[{"resource":"r35"},{"resource":"r32"},{"resource":"r30"},{"resource":"r29"},{"resource":"r28"},{"resource":"r27"},{"resource":"r26"}],"successors":[70,71]},{"start_lb":2298,"min_duration":33,"resources":[{"resource":"r34"},{"resource":"r32"},{"resource":"r30"},{"resource":"r29"},{"resource":"r28"},{"resource":"r27"},{"resource":"r26"}],"successors":[72,73]},{"start_lb":2298,"min_duration":33,"resources":[{"resource":"r35"},{"resource":"r32"},{"resource":"r30"},{"resource":"r29"},{"resource":"r28"},{"resource":"r27"},{"resource":"r26"}],"successors":[74,75]},{"start_lb":2335,"min_duration":79,"resources":[{"resource":"r36"},{"resource":"r33"},{"resource":"r31"},{"resource":"r30"},{"resource":"r29"},{"resource":"r28"},{"resource":"r27"},{"resource":"r26"}],"successors":[76]},{"start_lb":2313,"min_duration":36,"resources":[{"resource":"r37"},{"resource":"r34"},{"resource":"r31"},{"resource":"r30"},{"resource":"r29"},{"resource":"r28"},{"resource":"r27"},{"resource":"r26"}],"successors":[77]},{"start_lb":2313,"min_duration":34,"resources":[{"resource":"r38"},{"resource":"r34"},{"resource":"r31"},{"resource":"r30"},{"resource":"r29"},{"resource":"r28"},{"resource":"r27"},{"resource":"r26"}],"successors":[78]},{"start_lb":2318,"min_duration":36,"resources":[{"resource":"r37"},{"resource":"r34"},{"resource":"r32"},{"resource":"r30"},{"resource":"r29"},{"resource":"r28"},{"resource":"r27"},{"resource":"r26"}],"successors":[79]},{"start_lb":2318,"min_duration":34,"resources":[{"resource":"r38"},{"resource":"r34"},{"resource":"r32"},{"resource":"r30"},{"resource":"r29"},{"resource":"r28"},{"resource":"r27"},{"resource":"r26"}],"successors":[80]},{"start_lb":2318,"min_duration":36,"resources":[{"resource":"r39"},{"resource":"r35"},{"resource":"r32"},{"resource":"r30"},{"resource":"r29"},{"resource":"r28"},{"resource":"r27"},{"resource":"r26"}],"successors":[81]},{"start_lb":2318,"min_duration":34,"resources":[{"resource":"r39"},{"resource":"r35"},{"resource":"r32"},{"resource":"r30"},{"resource":"r29"},{"resource":"r28"},{"resource":"r27"},{"resource":"r26"}],"successors":[82]},{"start_lb":2318,"min_duration":36,"resources":[{"resource":"r37"},{"resource":"r34"},{"resource":"r32"},{"resource":"r30"},{"resource":"r29"},{"resource":"r28"},{"resource":"r27"},{"resource":"r26"}],"successors":[83]},{"start_lb":2318,"min_duration":34,"resources":[{"resource":"r38"},{"resource":"r34"},{"resource":"r32"},{"resource":"r30"},{"resource":"r29"},{"resource":"r28"},{"resource":"r27"},{"resource":"r26"}],"successors":[84]},{"start_lb":2318,"min_duration":36,"resources":[{"resource":"r39"},{"resource":"r35"},{"resource":"r32"},{"resource":"r30"},{"resource":"r29"},{"resource":"r28"},{"resource":"r27"},{"resource":"r26"}],"successors":[85]},{"start_lb":2318,"min_duration":34,"resources":[{"resource":"r39"},{"resource":"r35"},{"resource":"r32"},{"resource":"r30"},{"resource":"r29"},{"resource":"r28"},{"resource":"r27"},{"resource":"r26"}],"successors":[86]},{"start_lb":2414,"min_duration":29,"resources":[{"resource":"r40"},{"resource":"r36"},{"resource":"r33"},{"resource":"r31"},{"resource":"r30"},{"resource":"r29"},{"resource":"r28"},{"resource":"r27"},{"resource":"r26"}],"successors":[87]},{"start_lb":2349,"min_duration":12,"resources":[{"resource":"r41"},{"resource":"r37"},{"resource":"r34"},{"resource":"r31"},{"resource":"r30"},{"resource":"r29"},{"resource":"r28"},{"resource":"r27"},{"resource":"r26"}],"successors":[88]},{"start_lb":2347,"min_duration":40,"resources":[{"resource":"r42"},{"resource":"r38"},{"resource":"r34"},{"resource":"r31"},{"resource":"r30"},{"resource":"r29"},{"resource":"r28"},{"resource":"r27"},{"resource":"r26"}],"successors":[89]},{"start_lb":2354,"min_duration":12,"resources":[{"resource":"r41"},{"resource":"r37"},{"resource":"r34"},{"resource":"r32"},{"resource":"r30"},{"resource":"r29"},{"resource":"r28"},{"resource":"r27"},{"resource":"r26"}],"successors":[90]},{"start_lb":2352,"min_duration":40,"resources":[{"resource":"r42"},{"resource":"r38"},{"resource":"r34"},{"resource":"r32"},{"resource":"r30"},{"resource":"r29"},{"resource":"r28"},{"resource":"r27"},{"resource":"r26"}],"successors":[91]},{"start_lb":2354,"min_duration":12,"resources":[{"resource":"r37"},{"resource":"r39"},{"resource":"r35"},{"resource":"r32"},{"resource":"r30"},{"resource":"r29"},{"resource":"r28"},{"resource":"r27"},{"resource":"r26"}],"successors":[92]},{"start_lb":2352,"min_duration":40,"resources":[{"resource":"r43"},{"resource":"r39"},{"resource":"r35"},{"resource":"r32"},{"resource":"r30"},{"resource":"r29"},{"resource":"r28"},{"resource":"r27"},{"resource":"r26"}],"successors":[93]},{"start_lb":2354,"min_duration":12,"resources":[{"resource":"r41"},{"resource":"r37"},{"resource":"r34"},{"resource":"r32"},{"resource":"r30"},{"resource":"r29"},{"resource":"r28"},{"resource":"r27"},{"resource":"r26"}],"successors":[94]},{"start_lb":2352,"min_duration":40,"resources":[{"resource":"r42"},{"resource":"r38"},{"resource":"r34"},{"resource":"r32"},{"resource":"r30"},{"resource":"r29"},{"resource":"r28"},{"resource":"r27"},{"resource":"r26"}],"successors":[95]},{"start_lb":2354,"min_duration":12,"resources":[{"resource":"r37"},{"resource":"r39"},{"resource":"r35"},{"resource":"r32"},{"resource":"r30"},{"resource":"r29"},{"resource":"r28"},{"resource":"r27"},{"resource":"r26"}],"successors":[96]},{"start_lb":2352,"min_duration":40,"resources":[{"resource":"r43"},{"resource":"r39"},{"resource":"r35"},{"resource":"r32"},{"resource":"r30"},{"resource":"r29"},{"resource":"r28"},{"resource":"r27"},{"resource":"r26"}],"successors":[97]},{"start_lb":2443,"min_duration":658,"resources":[{"resource":"r44"},{"resource":"r40"},{"resource":"r36"}],"successors":[98,99]},{"start_lb":2361,"min_duration":29,"resources":[{"resource":"r45"},{"resource":"r41"},{"resource":"r37"},{"resource":"r34"},{"resource":"r31"},{"resource":"r30"},{"resource":"r29"},{"resource":"r28"},{"resource":"r27"},{"resource":"r26"}],"successors":[100]},{"start_lb":2387,"min_duration":18,"resources":[{"resource":"r46"},{"resource":"r42"},{"resource":"r38"},{"resource":"r34"},{"resource":"r31"},{"resource":"r30"},{"resource":"r29"},{"resource":"r28"},{"resource":"r27"},{"resource":"r26"}],"successors":[101]},{"start_lb":2366,"min_duration":29,"resources":[{"resource":"r45"},{"resource":"r41"},{"resource":"r37"},{"resource":"r34"},{"resource":"r32"},{"resource":"r30"},{"resource":"r29"},{"resource":"r28"},{"resource":"r27"},{"resource":"r26"}],"successors":[102]},{"start_lb":2392,"min_duration":18,"resources":[{"resource":"r46"},{"resource":"r42"},{"resource":"r38"},{"resource":"r34"},{"resource":"r32"},{"resource":"r30"},{"resource":"r29"},{"resource":"r28"},{"resource":"r27"},{"resource":"r26"}],"successors":[103]},{"start_lb":2366,"min_duration":29,"resources":[{"resource":"r45"},{"resource":"r37"},{"resource":"r39"},{"resource":"r35"},{"resource":"r32"},{"resource":"r30"},{"resource":"r29"},{"resource":"r28"},{"resource":"r27"},{"resource":"r26"}],"successors":[104]},{"start_lb":2392,"min_duration":18,"resources":[{"resource":"r46"},{"resource":"r43"},{"resource":"r39"},{"resource":"r35"},{"resource":"r32"},{"resource":"r30"},{"resource":"r29"},{"resource":"r28"},{"resource":"r27"},{"resource":"r26"}],"successors":[105]},{"start_lb":2366,"min_duration":29,"resources":[{"resource":"r45"},{"resource":"r41"},{"resource":"r37"},{"resource":"r34"},{"resource":"r32"},{"resource":"r30"},{"resource":"r29"},{"resource":"r28"},{"resource":"r27"},{"resource":"r26"}],"successors":[106]},{"start_lb":2392,"min_duration":18,"resources":[{"resource":"r46"},{"resource":"r42"},{"resource":"r38"},{"resource":"r34"},{"resource":"r32"},{"resource":"r30"},{"resource":"r29"},{"resource":"r28"},{"resource":"r27"},{"resource":"r26"}],"successors":[107]},{"start_lb":2366,"min_duration":29,"resources":[{"resource":"r45"},{"resource":"r37"},{"resource":"r39"},{"resource":"r35"},{"resource":"r32"},{"resource":"r30"},{"resource":"r29"},{"resource":"r28"},{"resource":"r27"},{"resource":"r26"}],"successors":[108]},{"start_lb":2392,"min_duration":18,"resources":[{"resource":"r46"},{"resource":"r43"},{"resource":"r39"},{"resource":"r35"},{"resource":"r32"},{"resource":"r30"},{"resource":"r29"},{"resource":"r28"},{"resource":"r27"},{"resource":"r26"}],"successors":[109]},{"start_lb":3101,"min_duration":56,"resources":[{"resource":"r47"},{"resource":"r44"}],"successors":[110]},{"start_lb":3101,"min_duration":54,"resources":[{"resource":"r47"},{"resource":"r44"}],"successors":[111]},{"start_lb":2390,"min_duration":661,"resources":[{"resource":"r48"},{"resource":"r45"},{"resource":"r41"},{"resource":"r37"}],"successors":[112,113]},{"start_lb":2405,"min_duration":305,"resources":[{"resource":"r49"},{"resource":"r46"},{"resource":"r42"},{"resource":"r38"}],"successors":[114,115]},{"start_lb":2395,"min_duration":661,"resources":[{"resource":"r48"},{"resource":"r45"},{"resource":"r41"},{"resource":"r37"}],"successors":[112,113]},{"start_lb":2410,"min_duration":305,"resources":[{"resource":"r49"},{"resource":"r46"},{"resource":"r42"},{"resource":"r38"}],"successors":[114,115]},{"start_lb":2395,"min_duration":661,"resources":[{"resource":"r48"},{"resource":"r45"},{"resource":"r37"},{"resource":"r39"}],"successors":[116,117]},{"start_lb":2410,"min_duration":305,"resources":[{"resource":"r49"},{"resource":"r46"},{"resource":"r43"},{"resource":"r39"}],"successors":[118,119]},{"start_lb":2395,"min_duration":661,"resources":[{"resource":"r48"},{"resource":"r45"},{"resource":"r41"},{"resource":"r37"}],"successors":[112,113]},{"start_lb":2410,"min_duration":305,"resources":[{"resource":"r49"},{"resource":"r46"},{"resource":"r42"},{"resource":"r38"}],"successors":[114,115]},{"start_lb":2395,"min_duration":661,"resources":[{"resource":"r48"},{"resource":"r45"},{"resource":"r37"},{"resource":"r39"}],"successors":[116,117]},{"start_lb":2410,"min_duration":305,"resources":[{"resource":"r49"},{"resource":"r46"},{"resource":"r43"},{"resource":"r39"}],"successors":[118,119]},{"start_lb":3157,"min_duration":34,"resources":[{"resource":"r50"},{"resource":"r47"},{"resource":"r44"}],"successors":[120]},{"start_lb":3155,"min_duration":35,"resources":[{"resource":"r51"},{"resource":"r47"},{"resource":"r44"}],"successors":[121]},{"start_lb":3051,"min_duration":56,"resources":[{"resource":"r47"},{"resource":"r48"}],"successors":[124]},{"start_lb":3051,"min_duration":54,"resources":[{"resource":"r47"},{"resource":"r48"}],"successors":[125]},{"start_lb":2710,"min_duration":51,"resources":[{"resource":"r52"},{"resource":"r49"},{"resource":"r46"},{"resource":"r42"}],"successors":[122]},{"start_lb":2710,"min_duration":49,"resources":[{"resource":"r47"},{"resource":"r49"},{"resource":"r46"},{"resource":"r42"}],"successors":[123]},{"start_lb":3056,"min_duration":56,"resources":[{"resource":"r47"},{"resource":"r48"}],"successors":[124]},{"start_lb":3056,"min_duration":54,"resources":[{"resource":"r47"},{"resource":"r48"}],"successors":[125]},{"start_lb":2715,"min_duration":51,"resources":[{"resource":"r52"},{"resource":"r49"},{"resource":"r46"},{"resource":"r43"}],"successors":[126]},{"start_lb":2715,"min_duration":49,"resources":[{"resource":"r47"},{"resource":"r49"},{"resource":"r46"},{"resource":"r43"}],"successors":[127]},{"start_lb":3191,"min_duration":8,"resources":[{"resource":"r53"},{"resource":"r50"},{"resource":"r47"},{"resource":"r44"}],"successors":[128]},{"start_lb":3190,"min_duration":8,"resources":[{"resource":"r54"},{"resource":"r51"},{"resource":"r47"},{"resource":"r44"}],"successors":[129]},{"start_lb":2761,"min_duration":34,"resources":[{"resource":"r50"},{"resource":"r52"},{"resource":"r49"}],"successors":[132]},{"start_lb":2759,"min_duration":35,"resources":[{"resource":"r51"},{"resource":"r47"},{"resource":"r49"}],"successors":[133]},{"start_lb":3107,"min_duration":34,"resources":[{"resource":"r50"},{"resource":"r47"},{"resource":"r48"}],"successors":[130]},{"start_lb":3105,"min_duration":35,"resources":[{"resource":"r51"},{"resource":"r47"},{"resource":"r48"}],"successors":[131]},{"start_lb":2766,"min_duration":34,"resources":[{"resource":"r50"},{"resource":"r52"},{"resource":"r49"}],"successors":[132]},{"start_lb":2764,"min_duration":35,"resources":[{"resource":"r51"},{"resource":"r47"},{"resource":"r49"}],"successors":[133]},{"start_lb":3199,"min_duration":119,"resources":[{"resource":"r55"},{"resource":"r53"},{"resource":"r50"},{"resource":"r47"},{"resource":"r44"}],"successors":[134,135]},{"start_lb":3198,"min_duration":119,"resources":[{"resource":"r56"},{"resource":"r54"},{"resource":"r51"},{"resource":"r47"},{"resource":"r44"}],"successors":[136]},{"start_lb":3141,"min_duration":8,"resources":[{"resource":"r53"},{"resource":"r50"},{"resource":"r47"},{"resource":"r48"}],"successors":[137]},{"start_lb":3140,"min_duration":8,"resources":[{"resource":"r54"},{"resource":"r51"},{"resource":"r47"},{"resource":"r48"}],"successors":[138]},{"start_lb":2795,"min_duration":8,"resources":[{"resource":"r53"},{"resource":"r50"},{"resource":"r52"},{"resource":"r49"}],"successors":[139]},{"start_lb":2794,"min_duration":8,"resources":[{"resource":"r54"},{"resource":"r51"},{"resource":"r47"},{"resource":"r49"}],"successors":[140]},{"start_lb":3318,"min_duration":18,"resources":[{"resource":"r57"},{"resource":"r55"},{"resource":"r53"},{"resource":"r50"},{"resource":"r47"},{"resource":"r44"}],"successors":[141]},{"start_lb":3318,"min_duration":42,"resources":[{"resource":"r58"},{"resource":"r55"},{"resource":"r53"},{"resource":"r50"},{"resource":"r47"},{"resource":"r44"}],"successors":[142]},{"start_lb":3317,"min_duration":42,"resources":[{"resource":"r58"},{"resource":"r56"},{"resource":"r54"},{"resource":"r51"},{"resource":"r47"},{"resource":"r44"}],"successors":[143]},{"start_lb":3149,"min_duration":119,"resources":[{"resource":"r55"},{"resource":"r53"},{"resource":"r50"},{"resource":"r47"},{"resource":"r48"}],"successors":[144,145]},{"start_lb":3148,"min_duration":119,"resources":[{"resource":"r56"},{"resource":"r54"},{"resource":"r51"},{"resource":"r47"},{"resource":"r48"}],"successors":[146]},{"start_lb":2803,"min_duration":119,"resources":[{"resource":"r55"},{"resource":"r53"},{"resource":"r50"},{"resource":"r52"},{"resource":"r49"}],"successors":[147,148]},{"start_lb":2802,"min_duration":119,"resources":[{"resource":"r56"},{"resource":"r54"},{"resource":"r51"},{"resource":"r47"},{"resource":"r49"}],"successors":[149]},{"start_lb":3336,"min_duration":47,"resources":[{"resource":"r59"},{"resource":"r57"},{"resource":"r55"},{"resource":"r53"},{"resource":"r50"},{"resource":"r47"},{"resource":"r44"}],"successors":[150,151]},{"start_lb":3360,"min_duration":24,"resources":[{"resource":"r60"},{"resource":"r58"},{"resource":"r55"},{"resource":"r53"},{"resource":"r50"},{"resource":"r47"},{"resource":"r44"}],"successors":[152,153]},{"start_lb":3359,"min_duration":24,"resources":[{"resource":"r60"},{"resource":"r58"},{"resource":"r56"},{"resource":"r54"},{"resource":"r51"},{"resource":"r47"},{"resource":"r44"}],"successors":[154,155]},{"start_lb":3268,"min_duration":18,"resources":[{"resource":"r57"},{"resource":"r55"},{"resource":"r53"},{"resource":"r50"},{"resource":"r47"},{"resource":"r48"}],"successors":[156]},{"start_lb":3268,"min_duration":42,"resources":[{"resource":"r58"},{"resource":"r55"},{"resource":"r53"},{"resource":"r50"},{"resource":"r47"},{"resource":"r48"}],"successors":[157]},{"start_lb":3267,"min_duration":42,"resources":[{"resource":"r58"},{"resource":"r56"},{"resource":"r54"},{"resource":"r51"},{"resource":"r47"},{"resource":"r48"}],"successors":[158]},{"start_lb":2922,"min_duration":18,"resources":[{"resource":"r57"},{"resource":"r55"},{"resource":"r53"},{"resource":"r50"},{"resource":"r52"},{"resource":"r49"}],"successors":[159]},{"start_lb":2922,"min_duration":42,"resources":[{"resource":"r58"},{"resource":"r55"},{"resource":"r53"},{"resource":"r50"},{"resource":"r52"},{"resource":"r49"}],"successors":[160]},{"start_lb":2921,"min_duration":42,"resources":[{"resource":"r58"},{"resource":"r56"},{"resource":"r54"},{"resource":"r51"},{"resource":"r47"},{"resource":"r49"}],"successors":[161]},{"start_lb":3383,"min_duration":18,"resources":[{"resource":"r61"},{"resource":"r59"},{"resource":"r57"},{"resource":"r55"},{"resource":"r53"},{"resource":"r50"},{"resource":"r47"},{"resource":"r44"}],"successors":[162]},{"start_lb":3383,"min_duration":44,"resources":[{"resource":"r62"},{"resource":"r59"},{"resource":"r57"},{"resource":"r55"},{"resource":"r53"},{"resource":"r50"},{"resource":"r47"},{"resource":"r44"}],"successors":[163]},{"start_lb":3384,"min_duration":44,"resources":[{"resource":"r63"},{"resource":"r60"},{"resource":"r58"},{"resource":"r55"},{"resource":"r53"},{"resource":"r50"},{"resource":"r47"},{"resource":"r44"}],"successors":[164]},{"start_lb":3384,"min_duration":44,"resources":[{"resource":"r63"},{"resource":"r60"},{"resource":"r58"},{"resource":"r55"},{"resource":"r53"},{"resource":"r50"},{"resource":"r47"},{"resource":"r44"}],"successors":[165]},{"start_lb":3383,"min_duration":44,"resources":[{"resource":"r63"},{"resource":"r60"},{"resource":"r58"},{"resource":"r56"},{"resource":"r54"},{"resource":"r51"},{"resource":"r47"},{"resource":"r44"}],"successors":[166]},{"start_lb":3383,"min_duration":44,"resources":[{"resource":"r63"},{"resource":"r60"},{"resource":"r58"},{"resource":"r56"},{"resource":"r54"},{"resource":"r51"},{"resource":"r47"},{"resource":"r44"}],"successors":[167]},{"start_lb":3286,"min_duration":47,"resources":[{"resource":"r59"},{"resource":"r57"},{"resource":"r55"},{"resource":"r53"},{"resource":"r50"},{"resource":"r47"},{"resource":"r48"}],"successors":[168,169]},{"start_lb":3310,"min_duration":24,"resources":[{"resource":"r60"},{"resource":"r58"},{"resource":"r55"},{"resource":"r53"},{"resource":"r50"},{"resource":"r47"},{"resource":"r48"}],"successors":[170,171]},{"start_lb":3309,"min_duration":24,"resources":[{"resource":"r60"},{"resource":"r58"},{"resource":"r56"},{"resource":"r54"},{"resource":"r51"},{"resource":"r47"},{"resource":"r48"}],"successors":[172,173]},{"start_lb":2940,"min_duration":47,"resources":[{"resource":"r59"},{"resource":"r57"},{"resource":"r55"},{"resource":"r53"},{"resource":"r50"},{"resource":"r52"},{"resource":"r49"}],"successors":[174,175]},{"start_lb":2964,"min_duration":24,"resources":[{"resource":"r60"},{"resource":"r58"},{"resource":"r55"},{"resource":"r53"},{"resource":"r50"},{"resource":"r52"},{"resource":"r49"}],"successors":[176,177]},{"start_lb":2963,"min_duration":24,"resources":[{"resource":"r60"},{"resource":"r58"},{"resource":"r56"},{"resource":"r54"},{"resource":"r51"},{"resource":"r47"},{"resource":"r49"}],"successors":[178,179]},{"start_lb":3401,"min_duration":263,"resources":[{"resource":"r64"}],"successors":[208,209]},{"start_lb":3427,"min_duration":18,"resources":[{"resource":"r65"},{"resource":"r62"},{"resource":"r59"},{"resource":"r57"},{"resource":"r55"},{"resource":"r53"},{"resource":"r50"},{"resource":"r47"},{"resource":"r44"}],"successors":[180,181]},{"start_lb":3428,"min_duration":263,"resources":[{"resource":"r64"}],"successors":[208,209]},{"start_lb":3428,"min_duration":18,"resources":[{"resource":"r65"},{"resource":"r63"},{"resource":"r60"},{"resource":"r58"},{"resource":"r55"},{"resource":"r53"},{"resource":"r50"},{"resource":"r47"},{"resource":"r44"}],"successors":[182,183]},{"start_lb":3427,"min_duration":263,"resources":[{"resource":"r64"}],"successors":[208,209]},{"start_lb":3427,"min_duration":18,"resources":[{"resource":"r65"},{"resource":"r63"},{"resource":"r60"},{"resource":"r58"},{"resource":"r56"},{"resource":"r54"},{"resource":"r51"},{"resource":"r47"},{"resource":"r44"}],"successors":[184,185]},{"start_lb":3333,"min_duration":18,"resources":[{"resource":"r61"},{"resource":"r59"},{"resource":"r57"},{"resource":"r55"},{"resource":"r53"},{"resource":"r50"},{"resource":"r47"},{"resource":"r48"}],"successors":[186]},{"start_lb":3333,"min_duration":44,"resources":[{"resource":"r62"},{"resource":"r59"},{"resource":"r57"},{"resource":"r55"},{"resource":"r53"},{"resource":"r50"},{"resource":"r47"},{"resource":"r48"}],"successors":[187]},{"start_lb":3334,"min_duration":44,"resources":[{"resource":"r63"},{"resource":"r60"},{"resource":"r58"},{"resource":"r55"},{"resource":"r53"},{"resource":"r50"},{"resource":"r47"},{"resource":"r48"}],"successors":[188]},{"start_lb":3334,"min_duration":44,"resources":[{"resource":"r63"},{"resource":"r60"},{"resource":"r58"},{"resource":"r55"},{"resource":"r53"},{"resource":"r50"},{"resource":"r47"},{"resource":"r48"}],"successors":[189]},{"start_lb":3333,"min_duration":44,"resources":[{"resource":"r63"},{"resource":"r60"},{"resource":"r58"},{"resource":"r56"},{"resource":"r54"},{"resource":"r51"},{"resource":"r47"},{"resource":"r48"}],"successors":[190]},{"start_lb":3333,"min_duration":44,"resources":[{"resource":"r63"},{"resource":"r60"},{"resource":"r58"},{"resource":"r56"},{"resource":"r54"},{"resource":"r51"},{"resource":"r47"},{"resource":"r48"}],"successors":[191]},{"start_lb":2987,"min_duration":18,"resources":[{"resource":"r61"},{"resource":"r59"},{"resource":"r57"},{"resource":"r55"},{"resource":"r53"},{"resource":"r50"},{"resource":"r52"},{"resource":"r49"}],"successors":[192]},{"start_lb":2987,"min_duration":44,"resources":[{"resource":"r62"},{"resource":"r59"},{"resource":"r57"},{"resource":"r55"},{"resource":"r53"},{"resource":"r50"},{"resource":"r52"},{"resource":"r49"}],"successors":[193]},{"start_lb":2988,"min_duration":44,"resources":[{"resource":"r63"},{"resource":"r60"},{"resource":"r58"},{"resource":"r55"},{"resource":"r53"},{"resource":"r50"},{"resource":"r52"},{"resource":"r49"}],"successors":[194]},{"start_lb":2988,"min_duration":44,"resources":[{"resource":"r63"},{"resource":"r60"},{"resource":"r58"},{"resource":"r55"},{"resource":"r53"},{"resource":"r50"},{"resource":"r52"},{"resource":"r49"}],"successors":[195]},{"start_lb":2987,"min_duration":44,"resources":[{"resource":"r63"},{"resource":"r60"},{"resource":"r58"},{"resource":"r56"},{"resource":"r54"},{"resource":"r51"},{"resource":"r47"},{"resource":"r49"}],"successors":[196]},{"start_lb":2987,"min_duration":44,"resources":[{"resource":"r63"},{"resource":"r60"},{"resource":"r58"},{"resource":"r56"},{"resource":"r54"},{"resource":"r51"},{"resource":"r47"},{"resource":"r49"}],"successors":[197]},{"start_lb":3445,"min_duration":6,"resources":[{"resource":"r66"},{"resource":"r65"},{"resource":"r62"},{"resource":"r59"},{"resource":"r57"},{"resource":"r55"},{"resource":"r53"},{"resource":"r50"},{"resource":"r47"}],"successors":[212]},{"start_lb":3445,"min_duration":10,"resources":[{"resource":"r67"},{"resource":"r65"},{"resource":"r62"},{"resource":"r59"},{"resource":"r57"},{"resource":"r55"},{"resource":"r53"},{"resource":"r50"},{"resource":"r47"}],"successors":[213]},{"start_lb":3446,"min_duration":6,"resources":[{"resource":"r66"},{"resource":"r65"},{"resource":"r63"},{"resource":"r60"},{"resource":"r58"},{"resource":"r55"},{"resource":"r53"},{"resource":"r50"},{"resource":"r47"}],"successors":[214]},{"start_lb":3446,"min_duration":10,"resources":[{"resource":"r67"},{"resource":"r65"},{"resource":"r63"},{"resource":"r60"},{"resource":"r58"},{"resource":"r55"},{"resource":"r53"},{"resource":"r50"},{"resource":"r47"}],"successors":[215]},{"start_lb":3445,"min_duration":6,"resources":[{"resource":"r66"},{"resource":"r65"},{"resource":"r63"},{"resource":"r60"},{"resource":"r58"},{"resource":"r56"},{"resource":"r54"},{"resource":"r51"},{"resource":"r47"}],"successors":[216]},{"start_lb":3445,"min_duration":10,"resources":[{"resource":"r67"},{"resource":"r65"},{"resource":"r63"},{"resource":"r60"},{"resource":"r58"},{"resource":"r56"},{"resource":"r54"},{"resource":"r51"},{"resource":"r47"}],"successors":[217]},{"start_lb":3351,"min_duration":263,"resources":[{"resource":"r64"}],"successors":[208,209]},{"start_lb":3377,"min_duration":18,"resources":[{"resource":"r65"},{"resource":"r62"},{"resource":"r59"},{"resource":"r57"},{"resource":"r55"},{"resource":"r53"},{"resource":"r50"},{"resource":"r47"},{"resource":"r48"}],"successors":[198,199]},{"start_lb":3378,"min_duration":263,"resources":[{"resource":"r64"}],"successors":[208,209]},{"start_lb":3378,"min_duration":18,"resources":[{"resource":"r65"},{"resource":"r63"},{"resource":"r60"},{"resource":"r58"},{"resource":"r55"},{"resource":"r53"},{"resource":"r50"},{"resource":"r47"},{"resource":"r48"}],"successors":[200,201]},{"start_lb":3377,"min_duration":263,"resources":[{"resource":"r64"}],"successors":[208,209]},{"start_lb":3377,"min_duration":18,"resources":[{"resource":"r65"},{"resource":"r63"},{"resource":"r60"},{"resource":"r58"},{"resource":"r56"},{"resource":"r54"},{"resource":"r51"},{"resource":"r47"},{"resource":"r48"}],"successors":[202,203]},{"start_lb":3005,"min_duration":263,"resources":[{"resource":"r64"}],"successors":[208,209]},{"start_lb":3031,"min_duration":18,"resources":[{"resource":"r65"},{"resource":"r62"},{"resource":"r59"},{"resource":"r57"},{"resource":"r55"},{"resource":"r53"},{"resource":"r50"},{"resource":"r52"},{"resource":"r49"}],"successors":[204,205]},{"start_lb":3032,"min_duration":263,"resources":[{"resource":"r64"}],"successors":[208,209]},{"start_lb":3032,"min_duration":18,"resources":[{"resource":"r65"},{"resource":"r63"},{"resource":"r60"},{"resource":"r58"},{"resource":"r55"},{"resource":"r53"},{"resource":"r50"},{"resource":"r52"},{"resource":"r49"}],"successors":[206,207]},{"start_lb":3031,"min_duration":263,"resources":[{"resource":"r64"}],"successors":[208,209]},{"start_lb":3031,"min_duration":18,"resources":[{"resource":"r65"},{"resource":"r63"},{"resource":"r60"},{"resource":"r58"},{"resource":"r56"},{"resource":"r54"},{"resource":"r51"},{"resource":"r47"},{"resource":"r49"}],"successors":[210,211]},{"start_lb":3395,"min_duration":6,"resources":[{"resource":"r66"},{"resource":"r65"},{"resource":"r62"},{"resource":"r59"},{"resource":"r57"},{"resource":"r55"},{"resource":"r53"},{"resource":"r50"},{"resource":"r47"}],"successors":[212]},{"start_lb":3395,"min_duration":10,"resources":[{"resource":"r67"},{"resource":"r65"},{"resource":"r62"},{"resource":"r59"},{"resource":"r57"},{"resource":"r55"},{"resource":"r53"},{"resource":"r50"},{"resource":"r47"}],"successors":[213]},{"start_lb":3396,"min_duration":6,"resources":[{"resource":"r66"},{"resource":"r65"},{"resource":"r63"},{"resource":"r60"},{"resource":"r58"},{"resource":"r55"},{"resource":"r53"},{"resource":"r50"},{"resource":"r47"}],"successors":[214]},{"start_lb":3396,"min_duration":10,"resources":[{"resource":"r67"},{"resource":"r65"},{"resource":"r63"},{"resource":"r60"},{"resource":"r58"},{"resource":"r55"},{"resource":"r53"},{"resource":"r50"},{"resource":"r47"}],"successors":[215]},{"start_lb":3395,"min_duration":6,"resources":[{"resource":"r66"},{"resource":"r65"},{"resource":"r63"},{"resource":"r60"},{"resource":"r58"},{"resource":"r56"},{"resource":"r54"},{"resource":"r51"},{"resource":"r47"}],"successors":[216]},{"start_lb":3395,"min_duration":10,"resources":[{"resource":"r67"},{"resource":"r65"},{"resource":"r63"},{"resource":"r60"},{"resource":"r58"},{"resource":"r56"},{"resource":"r54"},{"resource":"r51"},{"resource":"r47"}],"successors":[217]},{"start_lb":3049,"min_duration":6,"resources":[{"resource":"r66"},{"resource":"r65"},{"resource":"r62"},{"resource":"r59"},{"resource":"r57"},{"resource":"r55"},{"resource":"r53"},{"resource":"r50"},{"resource":"r52"},{"resource":"r49"}],"successors":[218]},{"start_lb":3049,"min_duration":10,"resources":[{"resource":"r67"},{"resource":"r65"},{"resource":"r62"},{"resource":"r59"},{"resource":"r57"},{"resource":"r55"},{"resource":"r53"},{"resource":"r50"},{"resource":"r52"},{"resource":"r49"}],"successors":[219]},{"start_lb":3050,"min_duration":6,"resources":[{"resource":"r66"},{"resource":"r65"},{"resource":"r63"},{"resource":"r60"},{"resource":"r58"},{"resource":"r55"},{"resource":"r53"},{"resource":"r50"},{"resource":"r52"},{"resource":"r49"}],"successors":[220]},{"start_lb":3050,"min_duration":10,"resources":[{"resource":"r67"},{"resource":"r65"},{"resource":"r63"},{"resource":"r60"},{"resource":"r58"},{"resource":"r55"},{"resource":"r53"},{"resource":"r50"},{"resource":"r52"},{"resource":"r49"}],"successors":[221]},{"start_lb":3268,"min_duration":30,"resources":[{"resource":"r68"},{"resource":"r64"}],"successors":[222]},{"start_lb":3268,"min_duration":22,"resources":[{"resource":"r69"},{"resource":"r64"}],"successors":[223]},{"start_lb":3049,"min_duration":6,"resources":[{"resource":"r66"},{"resource":"r65"},{"resource":"r63"},{"resource":"r60"},{"resource":"r58"},{"resource":"r56"},{"resource":"r54"},{"resource":"r51"},{"resource":"r47"},{"resource":"r49"}],"successors":[224]},{"start_lb":3049,"min_duration":10,"resources":[{"resource":"r67"},{"resource":"r65"},{"resource":"r63"},{"resource":"r60"},{"resource":"r58"},{"resource":"r56"},{"resource":"r54"},{"resource":"r51"},{"resource":"r47"},{"resource":"r49"}],"successors":[225]},{"start_lb":3401,"min_duration":145,"resources":[{"resource":"r70"},{"resource":"r66"},{"resource":"r65"}],"successors":[227,228]},{"start_lb":3405,"min_duration":241,"resources":[{"resource":"r71"},{"resource":"r67"},{"resource":"r65"}],"successors":[229,230]},{"start_lb":3402,"min_duration":145,"resources":[{"resource":"r70"},{"resource":"r66"},{"resource":"r65"}],"successors":[227,228]},{"start_lb":3406,"min_duration":241,"resources":[{"resource":"r71"},{"resource":"r67"},{"resource":"r65"}],"successors":[229,230]},{"start_lb":3401,"min_duration":145,"resources":[{"resource":"r70"},{"resource":"r66"},{"resource":"r65"}],"successors":[227,228]},{"start_lb":3405,"min_duration":241,"resources":[{"resource":"r71"},{"resource":"r67"},{"resource":"r65"}],"successors":[229,230]},{"start_lb":3055,"min_duration":145,"resources":[{"resource":"r70"},{"resource":"r66"},{"resource":"r65"}],"successors":[227,228]},{"start_lb":3059,"min_duration":241,"resources":[{"resource":"r71"},{"resource":"r67"},{"resource":"r65"}],"successors":[229,230]},{"start_lb":3056,"min_duration":145,"resources":[{"resource":"r70"},{"resource":"r66"},{"resource":"r65"}],"successors":[227,228]},{"start_lb":3060,"min_duration":241,"resources":[{"resource":"r71"},{"resource":"r67"},{"resource":"r65"}],"successors":[229,230]},{"start_lb":3298,"min_duration":324,"resources":[{"resource":"r72"}],"successors":[249,250]},{"start_lb":3290,"min_duration":98,"resources":[{"resource":"r73"},{"resource":"r69"},{"resource":"r64"}],"successors":[226]},{"start_lb":3055,"min_duration":145,"resources":[{"resource":"r70"},{"resource":"r66"},{"resource":"r65"}],"successors":[227,228]},{"start_lb":3059,"min_duration":241,"resources":[{"resource":"r71"},{"resource":"r67"},{"resource":"r65"}],"successors":[229,230]},{"start_lb":3388,"min_duration":8,"resources":[{"resource":"r74"},{"resource":"r73"},{"resource":"r69"},{"resource":"r64"}],"successors":[231]},{"start_lb":3200,"min_duration":15,"resources":[{"resource":"r75"},{"resource":"r70"}],"successors":[232]},{"start_lb":3200,"min_duration":25,"resources":[{"resource":"r76"},{"resource":"r70"}],"successors":[233]},{"start_lb":3300,"min_duration":25,"resources":[{"resource":"r76"},{"resource":"r71"}],"successors":[234]},{"start_lb":3300,"min_duration":25,"resources":[{"resource":"r76"},{"resource":"r71"}],"successors":[235]},{"start_lb":3396,"min_duration":257,"resources":[{"resource":"r77"}],"successors":[256,257]},{"start_lb":3215,"min_duration":69,"resources":[{"resource":"r78"},{"resource":"r75"},{"resource":"r70"}],"successors":[236,237]},{"start_lb":3225,"min_duration":235,"resources":[{"resource":"r79"},{"resource":"r76"}],"successors":[238]},{"start_lb":3325,"min_duration":115,"resources":[{"resource":"r78"},{"resource":"r76"},{"resource":"r71"}],"successors":[239,240]},{"start_lb":3325,"min_duration":234,"resources":[{"resource":"r80"},{"resource":"r76"}],"successors":[241]},{"start_lb":3284,"min_duration":22,"resources":[{"resource":"r81"},{"resource":"r78"},{"resource":"r75"},{"resource":"r70"}],"successors":[242]},{"start_lb":3284,"min_duration":13,"resources":[{"resource":"r81"},{"resource":"r78"},{"resource":"r75"},{"resource":"r70"}],"successors":[243]},{"start_lb":3460,"min_duration":12,"resources":[{"resource":"r82"},{"resource":"r79"},{"resource":"r76"}],"successors":[244]},{"start_lb":3440,"min_duration":22,"resources":[{"resource":"r81"},{"resource":"r78"},{"resource":"r76"},{"resource":"r71"}],"successors":[245]},{"start_lb":3440,"min_duration":13,"resources":[{"resource":"r81"},{"resource":"r78"},{"resource":"r76"},{"resource":"r71"}],"successors":[246]},{"start_lb":3559,"min_duration":12,"resources":[{"resource":"r82"},{"resource":"r80"},{"resource":"r76"}],"successors":[247]},{"start_lb":3306,"min_duration":324,"resources":[{"resource":"r72"}],"successors":[249,250]},{"start_lb":3297,"min_duration":59,"resources":[{"resource":"r83"},{"resource":"r81"},{"resource":"r78"},{"resource":"r75"}],"successors":[248]},{"start_lb":3472,"min_duration":257,"resources":[{"resource":"r77"}],"successors":[256,257]},{"start_lb":3462,"min_duration":324,"resources":[{"resource":"r72"}],"successors":[249,250]},{"start_lb":3453,"min_duration":59,"resources":[{"resource":"r83"},{"resource":"r81"},{"resource":"r78"},{"resource":"r76"}],"successors":[251]},{"start_lb":3571,"min_duration":257,"resources":[{"resource":"r77"}],"successors":[256,257]},{"start_lb":3356,"min_duration":8,"resources":[{"resource":"r74"},{"resource":"r83"},{"resource":"r81"},{"resource":"r78"},{"resource":"r75"}],"successors":[252]},{"start_lb":3622,"min_duration":20,"resources":[{"resource":"r84"},{"resource":"r72"}],"successors":[253]},{"start_lb":3622,"min_duration":12,"resources":[{"resource":"r85"},{"resource":"r72"}],"successors":[254]},{"start_lb":3512,"min_duration":8,"resources":[{"resource":"r74"},{"resource":"r83"},{"resource":"r81"},{"resource":"r78"},{"resource":"r76"}],"successors":[255]},{"start_lb":3364,"min_duration":257,"resources":[{"resource":"r77"}],"successors":[256,257]},{"start_lb":3642,"min_duration":406,"resources":[{"resource":"r86"}],"successors":[260,261]},{"start_lb":3634,"min_duration":406,"resources":[{"resource":"r87"}],"successors":[262,263]},{"start_lb":3520,"min_duration":257,"resources":[{"resource":"r77"}],"successors":[256,257]},{"start_lb":3621,"min_duration":13,"resources":[{"resource":"r84"},{"resource":"r77"}],"successors":[258]},{"start_lb":3621,"min_duration":21,"resources":[{"resource":"r84"},{"resource":"r77"}],"successors":[259]},{"start_lb":3634,"min_duration":406,"resources":[{"resource":"r86"}],"successors":[260,261]},{"start_lb":3642,"min_duration":406,"resources":[{"resource":"r87"}],"successors":[262,263]},{"start_lb":4040,"min_duration":13,"resources":[{"resource":"r88"},{"resource":"r86"}],"successors":[264]},{"start_lb":4040,"min_duration":20,"resources":[{"resource":"r88"},{"resource":"r86"}],"successors":[265]},{"start_lb":4040,"min_duration":21,"resources":[{"resource":"r88"},{"resource":"r87"}],"successors":[266]},{"start_lb":4040,"min_duration":12,"resources":[{"resource":"r89"},{"resource":"r87"}],"successors":[267]},{"start_lb":4053,"min_duration":80,"resources":[{"resource":"r90"},{"resource":"r88"},{"resource":"r86"}],"successors":[268,269]},{"start_lb":4060,"min_duration":46,"resources":[{"resource":"r91"},{"resource":"r88"},{"resource":"r86"}],"successors":[270]},{"start_lb":4061,"min_duration":80,"resources":[{"resource":"r90"},{"resource":"r88"},{"resource":"r87"}],"successors":[271,272]},{"start_lb":4052,"min_duration":46,"resources":[{"resource":"r91"},{"resource":"r89"},{"resource":"r87"}],"successors":[273]},{"start_lb":4133,"min_duration":6,"resources":[{"resource":"r92"},{"resource":"r90"},{"resource":"r88"},{"resource":"r86"}],"successors":[274]},{"start_lb":4133,"min_duration":17,"resources":[{"resource":"r92"},{"resource":"r90"},{"resource":"r88"},{"resource":"r86"}],"successors":[275]},{"start_lb":4106,"min_duration":5,"resources":[{"resource":"r93"},{"resource":"r91"},{"resource":"r88"},{"resource":"r86"}],"successors":[276]},{"start_lb":4141,"min_duration":6,"resources":[{"resource":"r92"},{"resource":"r90"},{"resource":"r88"},{"resource":"r87"}],"successors":[277]},{"start_lb":4141,"min_duration":17,"resources":[{"resource":"r92"},{"resource":"r90"},{"resource":"r88"},{"resource":"r87"}],"successors":[278]},{"start_lb":4098,"min_duration":5,"resources":[{"resource":"r93"},{"resource":"r91"},{"resource":"r89"},{"resource":"r87"}],"successors":[279]},{"start_lb":4139,"min_duration":169,"resources":[{"resource":"r94"}],"successors":[281]},{"start_lb":4150,"min_duration":152,"resources":[{"resource":"r95"}],"successors":[285]},{"start_lb":4111,"min_duration":31,"resources":[{"resource":"r96"},{"resource":"r93"},{"resource":"r91"},{"resource":"r88"},{"resource":"r86"}],"successors":[280]},{"start_lb":4147,"min_duration":169,"resources":[{"resource":"r94"}],"successors":[281]},{"start_lb":4158,"min_duration":152,"resources":[{"resource":"r95"}],"successors":[285]},{"start_lb":4103,"min_duration":31,"resources":[{"resource":"r96"},{"resource":"r93"},{"resource":"r91"},{"resource":"r89"},{"resource":"r87"}],"successors":[282]},{"start_lb":4142,"min_duration":6,"resources":[{"resource":"r97"},{"resource":"r96"},{"resource":"r93"},{"resource":"r91"},{"resource":"r88"},{"resource":"r86"}],"successors":[283]},{"start_lb":4308,"min_duration":0,"successors":[288]},{"start_lb":4134,"min_duration":6,"resources":[{"resource":"r97"},{"resource":"r96"},{"resource":"r93"},{"resource":"r91"},{"resource":"r89"},{"resource":"r87"}],"successors":[284]},{"start_lb":4148,"min_duration":152,"resources":[{"resource":"r95"}],"successors":[285]},{"start_lb":4140,"min_duration":152,"resources":[{"resource":"r95"}],"successors":[285]},{"start_lb":4292,"min_duration":8,"resources":[{"resource":"r98"},{"resource":"r95"}],"successors":[286]},{"start_lb":4300,"min_duration":12,"resources":[{"resource":"r99"},{"resource":"r98"},{"resource":"r95"}],"successors":[287]},{"start_lb":4312,"min_duration":0,"successors":[288]},{"start_lb":4308,"min_duration":0,"successors":[]}],[{"start_ub":0,"min_duration":546,"resources":[{"resource":"r10"},{"resource":"r8"},{"resource":"r6"}],"successors":[1]},{"start_lb":546,"min_duration":8,"resources":[{"resource":"r13"},{"resource":"r10"}],"successors":[2]},{"start_lb":554,"min_duration":107,"resources":[{"resource":"r14"},{"resource":"r13"},{"resource":"r10"}],"successors":[3]},{"start_lb":661,"min_duration":11,"resources":[{"resource":"r16"},{"resource":"r14"},{"resource":"r13"},{"resource":"r10"}],"successors":[4]},{"start_lb":672,"min_duration":362,"resources":[{"resource":"r18"}],"successors":[5]},{"start_lb":1034,"min_duration":11,"resources":[{"resource":"r20"},{"resource":"r18"}],"successors":[6]},{"start_lb":1045,"min_duration":142,"resources":[{"resource":"r21"},{"resource":"r20"}],"successors":[7,8]},{"start_lb":1187,"min_duration":15,"resources":[{"resource":"r22"},{"resource":"r21"}],"successors":[9]},{"start_lb":1187,"min_duration":8,"resources":[{"resource":"r22"},{"resource":"r21"}],"successors":[10]},{"start_lb":1202,"min_duration":141,"resources":[{"resource":"r23"},{"resource":"r22"}],"successors":[11,12]},{"start_lb":1195,"min_duration":267,"resources":[{"resource":"r24"},{"resource":"r22"}],"successors":[13,14]},{"start_lb":1343,"min_duration":22,"resources":[{"resource":"r25"},{"resource":"r23"}],"successors":[15]},{"start_lb":1343,"min_duration":42,"resources":[{"resource":"r100"},{"resource":"r23"}],"successors":[16]},{"start_lb":1462,"min_duration":41,"resources":[{"resource":"r25"},{"resource":"r24"}],"successors":[17]},{"start_lb":1462,"min_duration":40,"resources":[{"resource":"r100"},{"resource":"r24"}],"successors":[18]},{"start_lb":1365,"min_duration":133,"resources":[{"resource":"r26"},{"resource":"r25"},{"resource":"r23"}],"successors":[19]},{"start_lb":1385,"min_duration":138,"resources":[{"resource":"r101"},{"resource":"r100"},{"resource":"r23"}],"successors":[20]},{"start_lb":1503,"min_duration":133,"resources":[{"resource":"r26"},{"resource":"r25"},{"resource":"r24"}],"successors":[21]},{"start_lb":1502,"min_duration":138,"resources":[{"resource":"r101"},{"resource":"r100"},{"resource":"r24"}],"successors":[22]},{"start_lb":1498,"min_duration":47,"resources":[{"resource":"r102"},{"resource":"r26"},{"resource":"r25"},{"resource":"r23"}],"successors":[23]},{"start_lb":1523,"min_duration":15,"resources":[{"resource":"r103"},{"resource":"r101"},{"resource":"r100"},{"resource":"r23"}],"successors":[24]},{"start_lb":1636,"min_duration":47,"resources":[{"resource":"r102"},{"resource":"r26"},{"resource":"r25"},{"resource":"r24"}],"successors":[25]},{"start_lb":1640,"min_duration":15,"resources":[{"resource":"r103"},{"resource":"r101"},{"resource":"r100"},{"resource":"r24"}],"successors":[26]},{"start_lb":1545,"min_duration":21,"resources":[{"resource":"r104"},{"resource":"r102"},{"resource":"r26"},{"resource":"r25"},{"resource":"r23"}],"successors":[27]},{"start_lb":1538,"min_duration":21,"resources":[{"resource":"r104"},{"resource":"r103"},{"resource":"r101"},{"resource":"r100"},{"resource":"r23"}],"successors":[28]},{"start_lb":1683,"min_duration":21,"resources":[{"resource":"r104"},{"resource":"r102"},{"resource":"r26"},{"resource":"r25"},{"resource":"r24"}],"successors":[29]},{"start_lb":1655,"min_duration":21,"resources":[{"resource":"r104"},{"resource":"r103"},{"resource":"r101"},{"resource":"r100"},{"resource":"r24"}],"successors":[30]},{"start_lb":1566,"min_duration":6,"resources":[{"resource":"r105"},{"resource":"r104"},{"resource":"r102"},{"resource":"r26"},{"resource":"r25"},{"resource":"r23"}],"successors":[31]},{"start_lb":1559,"min_duration":6,"resources":[{"resource":"r105"},{"resource":"r104"},{"resource":"r103"},{"resource":"r101"},{"resource":"r100"},{"resource":"r23"}],"successors":[32]},{"start_lb":1704,"min_duration":6,"resources":[{"resource":"r105"},{"resource":"r104"},{"resource":"r102"},{"resource":"r26"},{"resource":"r25"},{"resource":"r24"}],"successors":[33]},{"start_lb":1676,"min_duration":6,"resources":[{"resource":"r105"},{"resource":"r104"},{"resource":"r103"},{"resource":"r101"},{"resource":"r100"},{"resource":"r24"}],"successors":[34]},{"start_lb":1572,"min_duration":47,"resources":[{"resource":"r106"},{"resource":"r105"},{"resource":"r104"},{"resource":"r102"},{"resource":"r26"},{"resource":"r25"},{"resource":"r23"}],"successors":[35]},{"start_lb":1565,"min_duration":47,"resources":[{"resource":"r106"},{"resource":"r105"},{"resource":"r104"},{"resource":"r103"},{"resource":"r101"},{"resource":"r100"},{"resource":"r23"}],"successors":[36]},{"start_lb":1710,"min_duration":47,"resources":[{"resource":"r106"},{"resource":"r105"},{"resource":"r104"},{"resource":"r102"},{"resource":"r26"},{"resource":"r25"},{"resource":"r24"}],"successors":[37]},{"start_lb":1682,"min_duration":47,"resources":[{"resource":"r106"},{"resource":"r105"},{"resource":"r104"},{"resource":"r103"},{"resource":"r101"},{"resource":"r100"},{"resource":"r24"}],"successors":[38]},{"start_lb":1619,"min_duration":249,"resources":[{"resource":"r107"},{"resource":"r106"},{"resource":"r105"},{"resource":"r104"},{"resource":"r102"},{"resource":"r26"}],"successors":[39]},{"start_lb":1612,"min_duration":249,"resources":[{"resource":"r107"},{"resource":"r106"},{"resource":"r105"},{"resource":"r104"},{"resource":"r103"},{"resource":"r101"}],"successors":[40]},{"start_lb":1757,"min_duration":249,"resources":[{"resource":"r107"},{"resource":"r106"},{"resource":"r105"},{"resource":"r104"},{"resource":"r102"},{"resource":"r26"}],"successors":[39]},{"start_lb":1729,"min_duration":249,"resources":[{"resource":"r107"},{"resource":"r106"},{"resource":"r105"},{"resource":"r104"},{"resource":"r103"},{"resource":"r101"}],"successors":[40]},{"start_lb":1868,"min_duration":0,"successors":[41]},{"start_lb":1861,"min_duration":0,"successors":[41]},{"start_lb":1861,"min_duration":0,"successors":[]}],[{"start_ub":0,"min_duration":0,"resources":[{"resource":"r17"},{"resource":"r15"}],"successors":[1]},{"min_duration":0,"successors":[2]},{"min_duration":0,"successors":[]}],[{"start_ub":0,"min_duration":0,"resources":[{"resource":"r108"},{"resource":"r109"}],"successors":[1]},{"min_duration":7,"resources":[{"resource":"r110"},{"resource":"r108"}],"successors":[2]},{"start_lb":7,"min_duration":641,"resources":[{"resource":"r111"}],"successors":[3,4]},{"start_lb":648,"min_duration":5,"resources":[{"resource":"r112"},{"resource":"r111"}],"successors":[5]},{"start_lb":648,"min_duration":8,"resources":[{"resource":"r113"},{"resource":"r111"}],"successors":[6]},{"start_lb":653,"min_duration":142,"resources":[{"resource":"r114"}],"successors":[7]},{"start_lb":656,"min_duration":237,"resources":[{"resource":"r115"}],"successors":[8]},{"start_lb":795,"min_duration":7,"resources":[{"resource":"r116"},{"resource":"r114"}],"successors":[9]},{"start_lb":893,"min_duration":11,"resources":[{"resource":"r116"},{"resource":"r115"}],"successors":[10]},{"start_lb":802,"min_duration":579,"resources":[{"resource":"r117"}],"successors":[11]},{"start_lb":904,"min_duration":579,"resources":[{"resource":"r117"}],"successors":[11]},{"start_lb":1381,"min_duration":11,"resources":[{"resource":"r118"},{"resource":"r117"}],"successors":[12]},{"start_lb":1392,"min_duration":72,"resources":[{"resource":"r119"},{"resource":"r118"},{"resource":"r117"}],"successors":[13]},{"start_lb":1464,"min_duration":20,"resources":[{"resource":"r120"},{"resource":"r119"},{"resource":"r118"},{"resource":"r117"}],"successors":[14]},{"start_lb":1484,"min_duration":212,"resources":[{"resource":"r121"}],"successors":[15]},{"start_lb":1696,"min_duration":18,"resources":[{"resource":"r122"},{"resource":"r121"}],"successors":[16]},{"start_lb":1714,"min_duration":35,"resources":[{"resource":"r123"},{"resource":"r122"},{"resource":"r121"}],"successors":[17]},{"start_lb":1749,"min_duration":6,"resources":[{"resource":"r124"},{"resource":"r123"},{"resource":"r122"},{"resource":"r121"}],"successors":[18]},{"start_lb":1755,"min_duration":540,"resources":[{"resource":"r3"}],"successors":[19,20]},{"start_lb":2295,"min_duration":17,"resources":[{"resource":"r4"},{"resource":"r3"}],"successors":[21]},{"start_lb":2295,"min_duration":36,"resources":[{"resource":"r5"},{"resource":"r3"}],"successors":[22]},{"start_lb":2312,"min_duration":207,"resources":[{"resource":"r6"}],"successors":[23]},{"start_lb":2331,"min_duration":86,"resources":[{"resource":"r7"},{"resource":"r5"},{"resource":"r3"}],"successors":[24]},{"start_lb":2519,"min_duration":6,"resources":[{"resource":"r8"},{"resource":"r6"}],"successors":[25]},{"start_lb":2417,"min_duration":13,"resources":[{"resource":"r9"},{"resource":"r7"},{"resource":"r5"},{"resource":"r3"}],"successors":[26]},{"start_lb":2525,"min_duration":569,"resources":[{"resource":"r10"}],"successors":[29]},{"start_lb":2430,"min_duration":259,"resources":[{"resource":"r11"}],"successors":[27]},{"start_lb":2689,"min_duration":10,"resources":[{"resource":"r12"},{"resource":"r11"}],"successors":[28]},{"start_lb":2699,"min_duration":569,"resources":[{"resource":"r10"}],"successors":[29]},{"start_lb":3094,"min_duration":8,"resources":[{"resource":"r13"},{"resource":"r10"}],"successors":[30]},{"start_lb":3102,"min_duration":107,"resources":[{"resource":"r14"},{"resource":"r13"}],"successors":[31]},{"start_lb":3209,"min_duration":0,"successors":[32]},{"start_lb":3209,"min_duration":0,"successors":[]}],[{"start_ub":0,"min_duration":0,"resources":[{"resource":"r111"}],"successors":[1]},{"min_duration":5,"resources":[{"resource":"r112"},{"resource":"r111"}],"successors":[2]},{"start_lb":5,"min_duration":142,"resources":[{"resource":"r114"}],"successors":[3]},{"start_lb":147,"min_duration":7,"resources":[{"resource":"r116"},{"resource":"r114"}],"successors":[4]},{"start_lb":154,"min_duration":578,"resources":[{"resource":"r117"}],"successors":[5]},{"start_lb":732,"min_duration":11,"resources":[{"resource":"r118"},{"resource":"r117"}],"successors":[6]},{"start_lb":743,"min_duration":72,"resources":[{"resource":"r119"},{"resource":"r118"},{"resource":"r117"}],"successors":[7]},{"start_lb":815,"min_duration":20,"resources":[{"resource":"r120"},{"resource":"r119"},{"resource":"r118"},{"resource":"r117"}],"successors":[8]},{"start_lb":835,"min_duration":212,"resources":[{"resource":"r121"}],"successors":[9]},{"start_lb":1047,"min_duration":18,"resources":[{"resource":"r122"},{"resource":"r121"}],"successors":[10]},{"start_lb":1065,"min_duration":35,"resources":[{"resource":"r123"},{"resource":"r122"},{"resource":"r121"}],"successors":[11]},{"start_lb":1100,"min_duration":6,"resources":[{"resource":"r124"},{"resource":"r123"},{"resource":"r122"},{"resource":"r121"}],"successors":[12]},{"start_lb":1106,"min_duration":540,"resources":[{"resource":"r3"}],"successors":[13,14]},{"start_lb":1646,"min_duration":17,"resources":[{"resource":"r4"},{"resource":"r3"}],"successors":[15]},{"start_lb":1646,"min_duration":36,"resources":[{"resource":"r5"},{"resource":"r3"}],"successors":[16]},{"start_lb":1663,"min_duration":207,"resources":[{"resource":"r6"}],"successors":[17]},{"start_lb":1682,"min_duration":86,"resources":[{"resource":"r7"},{"resource":"r5"},{"resource":"r3"}],"successors":[18]},{"start_lb":1870,"min_duration":6,"resources":[{"resource":"r8"},{"resource":"r6"}],"successors":[19]},{"start_lb":1768,"min_duration":13,"resources":[{"resource":"r9"},{"resource":"r7"},{"resource":"r5"},{"resource":"r3"}],"successors":[20]},{"start_lb":1876,"min_duration":562,"resources":[{"resource":"r10"}],"successors":[23]},{"start_lb":1781,"min_duration":259,"resources":[{"resource":"r11"}],"successors":[21]},{"start_lb":2040,"min_duration":10,"resources":[{"resource":"r12"},{"resource":"r11"}],"successors":[22]},{"start_lb":2050,"min_duration":562,"resources":[{"resource":"r10"}],"successors":[23]},{"start_lb":2438,"min_duration":8,"resources":[{"resource":"r13"},{"resource":"r10"}],"successors":[24]},{"start_lb":2446,"min_duration":107,"resources":[{"resource":"r14"},{"resource":"r13"}],"successors":[25,26]},{"start_lb":2553,"min_duration":6,"resources":[{"resource":"r15"},{"resource":"r14"}],"successors":[27]},{"start_lb":2553,"min_duration":11,"resources":[{"resource":"r16"},{"resource":"r14"}],"successors":[28]},{"start_lb":2559,"min_duration":185,"resources":[{"resource":"r17"}],"successors":[29]},{"start_lb":2564,"min_duration":348,"resources":[{"resource":"r18"}],"successors":[30]},{"start_lb":2744,"min_duration":6,"resources":[{"resource":"r19"},{"resource":"r17"}],"successors":[31]},{"start_lb":2912,"min_duration":11,"resources":[{"resource":"r20"},{"resource":"r18"}],"successors":[32]},{"start_lb":2750,"min_duration":142,"resources":[{"resource":"r21"}],"successors":[33,34]},{"start_lb":2923,"min_duration":142,"resources":[{"resource":"r21"}],"successors":[33,34]},{"start_lb":2892,"min_duration":15,"resources":[{"resource":"r22"},{"resource":"r21"}],"successors":[35]},{"start_lb":2892,"min_duration":8,"resources":[{"resource":"r22"},{"resource":"r21"}],"successors":[36]},{"start_lb":2907,"min_duration":141,"resources":[{"resource":"r23"}],"successors":[37,38]},{"start_lb":2900,"min_duration":255,"resources":[{"resource":"r24"}],"successors":[39,40]},{"start_lb":3048,"min_duration":22,"resources":[{"resource":"r25"},{"resource":"r23"}],"successors":[41]},{"start_lb":3048,"min_duration":42,"resources":[{"resource":"r100"},{"resource":"r23"}],"successors":[42]},{"start_lb":3155,"min_duration":41,"resources":[{"resource":"r25"},{"resource":"r24"}],"successors":[43]},{"start_lb":3155,"min_duration":21,"resources":[{"resource":"r100"},{"resource":"r24"}],"successors":[44]},{"start_lb":3070,"min_duration":133,"resources":[{"resource":"r26"},{"resource":"r25"}],"successors":[45]},{"start_lb":3090,"min_duration":138,"resources":[{"resource":"r101"},{"resource":"r100"}],"successors":[46]},{"start_lb":3196,"min_duration":133,"resources":[{"resource":"r26"},{"resource":"r25"}],"successors":[47]},{"start_lb":3176,"min_duration":138,"resources":[{"resource":"r101"},{"resource":"r100"}],"successors":[48]},{"start_lb":3203,"min_duration":47,"resources":[{"resource":"r102"},{"resource":"r26"},{"resource":"r25"}],"successors":[49]},{"start_lb":3228,"min_duration":15,"resources":[{"resource":"r103"},{"resource":"r101"},{"resource":"r100"}],"successors":[50]},{"start_lb":3329,"min_duration":47,"resources":[{"resource":"r102"},{"resource":"r26"},{"resource":"r25"}],"successors":[51]},{"start_lb":3314,"min_duration":15,"resources":[{"resource":"r103"},{"resource":"r101"},{"resource":"r100"}],"successors":[52]},{"start_lb":3250,"min_duration":21,"resources":[{"resource":"r104"},{"resource":"r102"},{"resource":"r26"}],"successors":[53]},{"start_lb":3243,"min_duration":21,"resources":[{"resource":"r104"},{"resource":"r103"},{"resource":"r101"}],"successors":[54]},{"start_lb":3376,"min_duration":21,"resources":[{"resource":"r104"},{"resource":"r102"},{"resource":"r26"}],"successors":[53]},{"start_lb":3329,"min_duration":21,"resources":[{"resource":"r104"},{"resource":"r103"},{"resource":"r101"}],"successors":[54]},{"start_lb":3271,"min_duration":6,"resources":[{"resource":"r105"},{"resource":"r104"},{"resource":"r102"},{"resource":"r26"}],"successors":[55]},{"start_lb":3264,"min_duration":6,"resources":[{"resource":"r105"},{"resource":"r104"},{"resource":"r103"},{"resource":"r101"}],"successors":[56]},{"start_lb":3277,"min_duration":47,"resources":[{"resource":"r106"},{"resource":"r105"},{"resource":"r104"},{"resource":"r102"},{"resource":"r26"}],"successors":[57]},{"start_lb":3270,"min_duration":47,"resources":[{"resource":"r106"},{"resource":"r105"},{"resource":"r104"},{"resource":"r103"},{"resource":"r101"}],"successors":[58]},{"start_lb":3324,"min_duration":249,"resources":[{"resource":"r107"},{"resource":"r106"}],"successors":[59]},{"start_lb":3317,"min_duration":249,"resources":[{"resource":"r107"},{"resource":"r106"}],"successors":[59]},{"start_lb":3566,"min_duration":0,"successors":[60]},{"start_lb":3566,"min_duration":0,"successors":[]}],[{"start_ub":0,"min_duration":0,"resources":[{"resource":"r125"},{"resource":"r126"}],"successors":[1]},{"min_duration":11,"resources":[{"resource":"r110"},{"resource":"r125"}],"successors":[2]},{"start_lb":11,"min_duration":641,"resources":[{"resource":"r111"}],"successors":[3,4]},{"start_lb":652,"min_duration":5,"resources":[{"resource":"r112"},{"resource":"r111"}],"successors":[5]},{"start_lb":652,"min_duration":8,"resources":[{"resource":"r113"},{"resource":"r111"}],"successors":[6]},{"start_lb":657,"min_duration":142,"resources":[{"resource":"r114"}],"successors":[7]},{"start_lb":660,"min_duration":237,"resources":[{"resource":"r115"}],"successors":[8]},{"start_lb":799,"min_duration":7,"resources":[{"resource":"r116"},{"resource":"r114"}],"successors":[9]},{"start_lb":897,"min_duration":11,"resources":[{"resource":"r116"},{"resource":"r115"}],"successors":[10]},{"start_lb":806,"min_duration":572,"resources":[{"resource":"r117"}],"successors":[11]},{"start_lb":908,"min_duration":572,"resources":[{"resource":"r117"}],"successors":[11]},{"start_lb":1378,"min_duration":11,"resources":[{"resource":"r118"},{"resource":"r117"}],"successors":[12]},{"start_lb":1389,"min_duration":72,"resources":[{"resource":"r119"},{"resource":"r118"}],"successors":[13]},{"start_lb":1461,"min_duration":0,"successors":[14]},{"start_lb":1461,"min_duration":0,"successors":[]}]],"objective":[{"type":"op_delay","train":0,"operation":288,"threshold":4308,"coeff":1},{"type":"op_delay","train":1,"operation":41,"threshold":1861,"coeff":1},{"type":"op_delay","train":2,"operation":2,"threshold":0,"coeff":1},{"type":"op_delay","train":3,"operation":32,"threshold":3209,"coeff":1},{"type":"op_delay","train":4,"operation":60,"threshold":3566,"coeff":1},{"type":"op_delay","train":5,"operation":14,"threshold":1461,"coeff":1}]}