{"trains":[[{"start_ub":0,"min_duration":0,"resources":[{"resource":"r0","release_time":148},{"resource":"r1","release_time":297},{"resource":"r2","release_time":410}],"successors":[1]},{"min_duration":23,"resources":[{"resource":"r3","release_time":105},{"resource":"r0","release_time":148}],"successors":[2]},{"start_lb":23,"min_duration":602,"resources":[{"resource":"r4","release_time":148}],"successors":[3]},{"start_lb":625,"min_duration":0,"successors":[4]},{"start_lb":625,"min_duration":0,"successors":[]}],[{"start_ub":0,"min_duration":271,"resources":[{"resource":"r5","release_time":212},{"resource":"r6","release_time":198},{"resource":"r7","release_time":212},{"resource":"r8","release_time":195},{"resource":"r9","release_time":212}],"successors":[1,2]},{"start_lb":271,"min_duration":23,"resources":[{"resource":"r10","release_time":173},{"resource":"r5","release_time":212}],"successors":[3]},{"start_lb":271,"min_duration":38,"resources":[{"resource":"r11","release_time":288},{"resource":"r5","release_time":212}],"successors":[4]},{"start_lb":294,"min_duration":602,"resources":[{"resource":"r12","release_time":212}],"successors":[5]},{"start_lb":309,"min_duration":602,"resources":[{"resource":"r4","release_time":212}],"successors":[6]},{"start_lb":896,"min_duration":0,"successors":[7]},{"start_lb":911,"min_duration":0,"successors":[7]},{"start_lb":896,"min_duration":0,"successors":[]}],[{"start_ub":0,"min_duration":0,"resources":[{"resource":"r13","release_time":212},{"resource":"r14","release_time":195},{"resource":"r15","release_time":212},{"resource":"r16","release_time":377}],"successors":[1]},{"min_duration":29,"resources":[{"resource":"r17","release_time":228},{"resource":"r13","release_time":212},{"resource":"r14","release_time":195},{"resource":"r15","release_time":212},{"resource":"r16","release_time":377}],"successors":[2]},{"start_lb":29,"min_duration":198,"resources":[{"resource":"r18","release_time":212},{"resource":"r17","release_time":228},{"resource":"r13","release_time":212},{"resource":"r14","release_time":195},{"resource":"r15","release_time":212}],"successors":[3]},{"start_lb":227,"min_duration":5,"resources":[{"resource":"r19","release_time":201},{"resource":"r18","release_time":212},{"resource":"r17","release_time":228},{"resource":"r13","release_time":212},{"resource":"r14","release_time":195},{"resource":"r15","release_time":212}],"successors":[4]},{"start_lb":232,"min_duration":195,"resources":[{"resource":"r0","release_time":212},{"resource":"r19","release_time":201},{"resource":"r18","release_time":212}],"successors":[5]},{"start_lb":427,"min_duration":19,"resources":[{"resource":"r3","release_time":144},{"resource":"r0","release_time":212},{"resource":"r19","release_time":201},{"resource":"r18","release_time":212}],"successors":[6]},{"start_lb":446,"min_duration":478,"resources":[{"resource":"r4","release_time":212}],"successors":[7]},{"start_lb":924,"min_duration":0,"successors":[8]},{"start_lb":924,"min_duration":0,"successors":[]}],[{"start_ub":0,"min_duration":12008,"resources":[{"resource":"r4","release_time":212}],"successors":[1]},{"start_lb":12008,"min_duration":38,"resources":[{"resource":"r11","release_time":151},{"resource":"r4","release_time":212}],"successors":[2]},{"start_lb":12046,"min_duration":407,"resources":[{"resource":"r5","release_time":212}],"successors":[3]},{"start_lb":12453,"min_duration":0,"successors":[4]},{"start_lb":12453,"min_duration":0,"successors":[]}],[{"start_ub":0,"min_duration":0,"resources":[{"resource":"r20","release_time":223},{"resource":"r21","release_time":223}],"successors":[1]},{"min_duration":7,"resources":[{"resource":"r22","release_time":89},{"resource":"r20","release_time":223}],"successors":[2]},{"start_lb":7,"min_duration":688,"resources":[{"resource":"r23","release_time":209}],"successors":[3]},{"start_lb":695,"min_duration":6,"resources":[{"resource":"r24","release_time":88},{"resource":"r23","release_time":209}],"successors":[4]},{"start_lb":701,"min_duration":105,"resources":[{"resource":"r25","release_time":88}],"successors":[5]},{"start_lb":806,"min_duration":7,"resources":[{"resource":"r26","release_time":79},{"resource":"r25","release_time":88}],"successors":[6]},{"start_lb":813,"min_duration":1909,"resources":[{"resource":"r27","release_time":209}],"successors":[7,8]},{"start_lb":2722,"min_duration":10,"resources":[{"resource":"r28","release_time":139},{"resource":"r27","release_time":209}],"successors":[9]},{"start_lb":2722,"min_duration":11,"resources":[{"resource":"r29","release_time":157},{"resource":"r27","release_time":209}],"successors":[10]},{"start_lb":2732,"min_duration":153,"resources":[{"resource":"r30","release_time":139}],"successors":[11]},{"start_lb":2733,"min_duration":183,"resources":[{"resource":"r31","release_time":157}],"successors":[12]},{"start_lb":2885,"min_duration":7,"resources":[{"resource":"r32","release_time":79},{"resource":"r30","release_time":139}],"successors":[13]},{"start_lb":2916,"min_duration":11,"resources":[{"resource":"r32","release_time":148},{"resource":"r31","release_time":157}],"successors":[14]},{"start_lb":2892,"min_duration":870,"resources":[{"resource":"r33","release_time":209}],"successors":[15,16]},{"start_lb":2927,"min_duration":870,"resources":[{"resource":"r33","release_time":209}],"successors":[15,16]},{"start_lb":3762,"min_duration":6,"resources":[{"resource":"r34","release_time":88},{"resource":"r33","release_time":209}],"successors":[17]},{"start_lb":3762,"min_duration":14,"resources":[{"resource":"r35","release_time":218},{"resource":"r33","release_time":209}],"successors":[18]},{"start_lb":3768,"min_duration":103,"resources":[{"resource":"r36","release_time":88}],"successors":[19]},{"start_lb":3776,"min_duration":257,"resources":[{"resource":"r37","release_time":218}],"successors":[20]},{"start_lb":3871,"min_duration":6,"resources":[{"resource":"r38","release_time":78},{"resource":"r36","release_time":88}],"successors":[21]},{"start_lb":4033,"min_duration":14,"resources":[{"resource":"r38","release_time":156},{"resource":"r37","release_time":218}],"successors":[22]},{"start_lb":3877,"min_duration":858,"resources":[{"resource":"r39","release_time":209}],"successors":[23,24]},{"start_lb":4047,"min_duration":858,"resources":[{"resource":"r39","release_time":209}],"successors":[23,24]},{"start_lb":4735,"min_duration":5,"resources":[{"resource":"r40","release_time":87},{"resource":"r39","release_time":209}],"successors":[25]},{"start_lb":4735,"min_duration":13,"resources":[{"resource":"r41","release_time":217},{"resource":"r39","release_time":209}],"successors":[26]},{"start_lb":4740,"min_duration":108,"resources":[{"resource":"r42","release_time":87}],"successors":[27]},{"start_lb":4748,"min_duration":268,"resources":[{"resource":"r43","release_time":217}],"successors":[28]},{"start_lb":4848,"min_duration":6,"resources":[{"resource":"r44","release_time":78},{"resource":"r42","release_time":87}],"successors":[29]},{"start_lb":5016,"min_duration":14,"resources":[{"resource":"r44","release_time":156},{"resource":"r43","release_time":217}],"successors":[30]},{"start_lb":4854,"min_duration":1064,"resources":[{"resource":"r45","release_time":209}],"successors":[31,32]},{"start_lb":5030,"min_duration":1064,"resources":[{"resource":"r45","release_time":209}],"successors":[31,32]},{"start_lb":5918,"min_duration":7,"resources":[{"resource":"r46","release_time":89},{"resource":"r45","release_time":209}],"successors":[33]},{"start_lb":5918,"min_duration":11,"resources":[{"resource":"r47","release_time":148},{"resource":"r45","release_time":209}],"successors":[34]},{"start_lb":5925,"min_duration":115,"resources":[{"resource":"r48","release_time":89}],"successors":[35]},{"start_lb":5929,"min_duration":187,"resources":[{"resource":"r49","release_time":148}],"successors":[36]},{"start_lb":6040,"min_duration":8,"resources":[{"resource":"r50","release_time":99},{"resource":"r48","release_time":89}],"successors":[37]},{"start_lb":6116,"min_duration":11,"resources":[{"resource":"r50","release_time":148},{"resource":"r49","release_time":148}],"successors":[38]},{"start_lb":6048,"min_duration":641,"resources":[{"resource":"r51","release_time":209}],"successors":[39]},{"start_lb":6127,"min_duration":641,"resources":[{"resource":"r51","release_time":209}],"successors":[39]},{"start_lb":6689,"min_duration":0,"resources":[{"resource":"r52","release_time":95},{"resource":"r51","release_time":209}],"successors":[40]},{"start_lb":6689,"min_duration":706,"resources":[{"resource":"r53","release_time":209}],"successors":[41,42]},{"start_lb":7395,"min_duration":6,"resources":[{"resource":"r54","release_time":88},{"resource":"r53","release_time":209}],"successors":[43]},{"start_lb":7395,"min_duration":14,"resources":[{"resource":"r55","release_time":218},{"resource":"r53","release_time":209}],"successors":[44]},{"start_lb":7401,"min_duration":108,"resources":[{"resource":"r56","release_time":88}],"successors":[45]},{"start_lb":7409,"min_duration":268,"resources":[{"resource":"r57","release_time":218}],"successors":[46]},{"start_lb":7509,"min_duration":6,"resources":[{"resource":"r58","release_time":78},{"resource":"r56","release_time":88}],"successors":[47]},{"start_lb":7677,"min_duration":14,"resources":[{"resource":"r58","release_time":156},{"resource":"r57","release_time":218}],"successors":[48]},{"start_lb":7515,"min_duration":638,"resources":[{"resource":"r59","release_time":209}],"successors":[49,50]},{"start_lb":7691,"min_duration":638,"resources":[{"resource":"r59","release_time":209}],"successors":[49,50]},{"start_lb":8153,"min_duration":7,"resources":[{"resource":"r60","release_time":89},{"resource":"r59","release_time":209}],"successors":[51]},{"start_lb":8153,"min_duration":18,"resources":[{"resource":"r61","release_time":221},{"resource":"r59","release_time":209}],"successors":[52]},{"start_lb":8160,"min_duration":106,"resources":[{"resource":"r62","release_time":89}],"successors":[53]},{"start_lb":8171,"min_duration":263,"resources":[{"resource":"r63","release_time":221}],"successors":[54]},{"start_lb":8266,"min_duration":8,"resources":[{"resource":"r64","release_time":80},{"resource":"r62","release_time":89}],"successors":[55]},{"start_lb":8434,"min_duration":17,"resources":[{"resource":"r64","release_time":159},{"resource":"r63","release_time":221}],"successors":[56]},{"start_lb":8274,"min_duration":1227,"resources":[{"resource":"r65","release_time":209}],"successors":[57,58]},{"start_lb":8451,"min_duration":1227,"resources":[{"resource":"r65","release_time":209}],"successors":[57,58]},{"start_lb":9501,"min_duration":6,"resources":[{"resource":"r66","release_time":96},{"resource":"r65","release_time":209}],"successors":[59]},{"start_lb":9501,"min_duration":10,"resources":[{"resource":"r67","release_time":146},{"resource":"r65","release_time":209}],"successors":[60]},{"start_lb":9507,"min_duration":114,"resources":[{"resource":"r68","release_time":96}],"successors":[61]},{"start_lb":9511,"min_duration":172,"resources":[{"resource":"r69","release_time":146}],"successors":[62]},{"start_lb":9621,"min_duration":7,"resources":[{"resource":"r70","release_time":98},{"resource":"r68","release_time":96}],"successors":[63]},{"start_lb":9683,"min_duration":10,"resources":[{"resource":"r70","release_time":146},{"resource":"r69","release_time":146}],"successors":[64]},{"start_lb":9628,"min_duration":1236,"resources":[{"resource":"r71","release_time":209}],"successors":[65,66]},{"start_lb":9693,"min_duration":1236,"resources":[{"resource":"r71","release_time":209}],"successors":[65,66]},{"start_lb":10864,"min_duration":5,"resources":[{"resource":"r72","release_time":87},{"resource":"r71","release_time":209}],"successors":[67]},{"start_lb":10864,"min_duration":8,"resources":[{"resource":"r73","release_time":145},{"resource":"r71","release_time":209}],"successors":[68]},{"start_lb":10869,"min_duration":146,"resources":[{"resource":"r74","release_time":87}],"successors":[69]},{"start_lb":10872,"min_duration":243,"resources":[{"resource":"r75","release_time":145}],"successors":[70]},{"start_lb":11015,"min_duration":6,"resources":[{"resource":"r76","release_time":78},{"resource":"r74","release_time":87}],"successors":[71]},{"start_lb":11115,"min_duration":10,"resources":[{"resource":"r76","release_time":146},{"resource":"r75","release_time":145}],"successors":[72]},{"start_lb":11021,"min_duration":651,"resources":[{"resource":"r77","release_time":209}],"successors":[73]},{"start_lb":11125,"min_duration":651,"resources":[{"resource":"r77","release_time":209}],"successors":[73]},{"start_lb":11672,"min_duration":11,"resources":[{"resource":"r78","release_time":147},{"resource":"r77","release_time":209}],"successors":[74]},{"start_lb":11683,"min_duration":177,"resources":[{"resource":"r79","release_time":147}],"successors":[75]},{"start_lb":11860,"min_duration":10,"resources":[{"resource":"r80","release_time":111},{"resource":"r79","release_time":147}],"successors":[76]},{"start_lb":11870,"min_duration":746,"resources":[{"resource":"r81","release_time":209}],"successors":[77]},{"start_lb":12616,"min_duration":22,"resources":[{"resource":"r82","release_time":431},{"resource":"r81","release_time":209}],"successors":[78]},{"start_lb":12638,"min_duration":40,"resources":[{"resource":"r83","release_time":209},{"resource":"r82","release_time":431},{"resource":"r81","release_time":209}],"successors":[79,80]},{"start_lb":12678,"min_duration":80,"resources":[{"resource":"r84","release_time":489},{"resource":"r83","release_time":209},{"resource":"r82","release_time":431},{"resource":"r81","release_time":209}],"successors":[81]},{"start_lb":12678,"min_duration":79,"resources":[{"resource":"r84","release_time":489},{"resource":"r83","release_time":209},{"resource":"r82","release_time":431},{"resource":"r81","release_time":209}],"successors":[82]},{"start_lb":12758,"min_duration":36,"resources":[{"resource":"r85","release_time":489},{"resource":"r84","release_time":489},{"resource":"r83","release_time":209},{"resource":"r82","release_time":431},{"resource":"r81","release_time":209}],"successors":[83]},{"start_lb":12757,"min_duration":33,"resources":[{"resource":"r86","release_time":489},{"resource":"r84","release_time":489},{"resource":"r83","release_time":209},{"resource":"r82","release_time":431},{"resource":"r81","release_time":209}],"successors":[84]},{"start_lb":12794,"min_duration":0,"successors":[85]},{"start_lb":12790,"min_duration":0,"successors":[85]},{"start_lb":12790,"min_duration":0,"successors":[]}]],"objective":[{"type":"op_delay","train":0,"operation":4,"threshold":625,"coeff":1},{"type":"op_delay","train":1,"operation":7,"threshold":896,"coeff":1},{"type":"op_delay","train":2,"operation":8,"threshold":924,"coeff":1},{"type":"op_delay","train":3,"operation":4,"threshold":12453,"coeff":1},{"type":"op_delay","train":4,"operation":85,"threshold":12790,"coeff":1}]}