{"trains":[[{"start_ub":0,"min_duration":0,"successors":[1]},{"start_lb":50137,"min_duration":180,"resources":[{"resource":"r52"}],"successors":[2,3,4]},{"start_lb":50327,"min_duration":487,"resources":[{"resource":"r49"}],"successors":[5]},{"start_lb":50327,"min_duration":487,"resources":[{"resource":"r50"}],"successors":[5]},{"start_lb":50327,"min_duration":487,"resources":[{"resource":"r51"}],"successors":[5]},{"start_lb":50327,"min_duration":206,"resources":[{"resource":"r48"}],"successors":[6,7,8]},{"start_lb":50544,"min_duration":213,"resources":[{"resource":"r45"}],"successors":[9]},{"start_lb":50544,"min_duration":213,"resources":[{"resource":"r46"}],"successors":[9]},{"start_lb":50544,"min_duration":213,"resources":[{"resource":"r47"}],"successors":[9]},{"start_lb":50757,"min_duration":171,"resources":[{"resource":"r44"}],"successors":[10]},{"start_lb":50937,"min_duration":0,"resources":[{"resource":"r43"}],"successors":[11]},{"start_lb":50937,"min_duration":171,"resources":[{"resource":"r42"}],"successors":[12,13]},{"start_lb":51117,"min_duration":300,"resources":[{"resource":"r40"}],"successors":[14]},{"start_lb":51117,"min_duration":300,"resources":[{"resource":"r41"}],"successors":[14]},{"start_lb":51417,"min_duration":199,"resources":[{"resource":"r39"}],"successors":[15,16,17]},{"start_lb":51626,"min_duration":211,"resources":[{"resource":"r36"}],"successors":[18]},{"start_lb":51626,"min_duration":211,"resources":[{"resource":"r37"}],"successors":[18]},{"start_lb":51626,"min_duration":211,"resources":[{"resource":"r38"}],"successors":[18]},{"start_lb":51837,"min_duration":94,"resources":[{"resource":"r35"}],"successors":[19]},{"start_lb":51936,"min_duration":0,"resources":[{"resource":"r34"}],"successors":[20]},{"start_lb":51936,"min_duration":59,"resources":[{"resource":"r33"}],"successors":[21]},{"start_lb":51998,"min_duration":0,"resources":[{"resource":"r32"}],"successors":[22]},{"start_lb":51998,"min_duration":132,"resources":[{"resource":"r31"}],"successors":[23,24]},{"start_lb":52137,"min_duration":0,"resources":[{"resource":"r29"}],"successors":[25]},{"start_lb":52137,"min_duration":0,"resources":[{"resource":"r30"}],"successors":[25]},{"start_lb":52137,"min_duration":114,"resources":[{"resource":"r28"}],"successors":[26,27,28,29]},{"start_lb":52257,"min_duration":0,"resources":[{"resource":"r24"}],"successors":[30]},{"start_lb":52257,"min_duration":0,"resources":[{"resource":"r25"}],"successors":[30]},{"start_lb":52257,"min_duration":0,"resources":[{"resource":"r26"}],"successors":[30]},{"start_lb":52257,"min_duration":0,"resources":[{"resource":"r27"}],"successors":[30]},{"start_lb":52257,"min_duration":57,"resources":[{"resource":"r88"}],"successors":[31,32]},{"start_lb":52317,"min_duration":180,"resources":[{"resource":"r21"}],"successors":[33]},{"start_lb":52317,"min_duration":180,"resources":[{"resource":"r22"}],"successors":[33]},{"start_lb":52497,"min_duration":298,"resources":[{"resource":"r89"}],"successors":[34,35]},{"start_lb":52811,"min_duration":0,"resources":[{"resource":"r18"}],"successors":[36]},{"start_lb":52811,"min_duration":0,"resources":[{"resource":"r19"}],"successors":[36]},{"start_lb":52811,"min_duration":102,"resources":[{"resource":"r90"}],"successors":[37,38]},{"start_lb":52918,"min_duration":59,"resources":[{"resource":"r15"}],"successors":[39]},{"start_lb":52918,"min_duration":59,"resources":[{"resource":"r16"}],"successors":[39]},{"start_lb":52977,"min_duration":66,"resources":[{"resource":"r91"}],"successors":[40,41]},{"start_lb":53047,"min_duration":0,"resources":[{"resource":"r12"}],"successors":[42]},{"start_lb":53047,"min_duration":0,"resources":[{"resource":"r13"}],"successors":[42]},{"start_lb":53047,"min_duration":133,"resources":[{"resource":"r92"}],"successors":[43,44]},{"start_lb":53187,"min_duration":0,"resources":[{"resource":"r9"}],"successors":[45]},{"start_lb":53187,"min_duration":0,"resources":[{"resource":"r10"}],"successors":[45]},{"start_lb":53187,"min_duration":113,"resources":[{"resource":"r93"}],"successors":[46,47]},{"start_lb":53306,"min_duration":0,"resources":[{"resource":"r6"}],"successors":[48]},{"start_lb":53306,"min_duration":0,"resources":[{"resource":"r7"}],"successors":[48]},{"start_lb":53306,"min_duration":86,"resources":[{"resource":"r94"}],"successors":[49,50,51,52,53]},{"start_lb":53397,"min_duration":1620,"resources":[{"resource":"r0"}],"successors":[54]},{"start_lb":53397,"min_duration":1620,"resources":[{"resource":"r1"}],"successors":[54]},{"start_lb":53397,"min_duration":1620,"resources":[{"resource":"r2"}],"successors":[54]},{"start_lb":53397,"min_duration":1620,"resources":[{"resource":"r3"}],"successors":[54]},{"start_lb":53397,"min_duration":1620,"resources":[{"resource":"r4"}],"successors":[54]},{"start_lb":55017,"min_duration":0,"successors":[]}],[{"start_ub":0,"min_duration":0,"successors":[1,2,3]},{"start_lb":50707,"min_duration":0,"resources":[{"resource":"r85"}],"successors":[4]},{"start_lb":50707,"min_duration":0,"resources":[{"resource":"r86"}],"successors":[4]},{"start_lb":50707,"min_duration":0,"resources":[{"resource":"r87"}],"successors":[4]},{"start_lb":50707,"min_duration":708,"resources":[{"resource":"r84"}],"successors":[5,6]},{"start_lb":51452,"min_duration":0,"resources":[{"resource":"r82"}],"successors":[7]},{"start_lb":51452,"min_duration":0,"resources":[{"resource":"r83"}],"successors":[7]},{"start_lb":51452,"min_duration":299,"resources":[{"resource":"r81"}],"successors":[8,9]},{"start_lb":51767,"min_duration":0,"resources":[{"resource":"r79"}],"successors":[10]},{"start_lb":51767,"min_duration":0,"resources":[{"resource":"r80"}],"successors":[10]},{"start_lb":51767,"min_duration":554,"resources":[{"resource":"r78"}],"successors":[11,12]},{"start_lb":52350,"min_duration":0,"resources":[{"resource":"r76"}],"successors":[13]},{"start_lb":52350,"min_duration":0,"resources":[{"resource":"r77"}],"successors":[13]},{"start_lb":52350,"min_duration":598,"resources":[{"resource":"r75"}],"successors":[14,15,16,17]},{"start_lb":52979,"min_duration":0,"resources":[{"resource":"r71"}],"successors":[18]},{"start_lb":52979,"min_duration":0,"resources":[{"resource":"r72"}],"successors":[18]},{"start_lb":52979,"min_duration":0,"resources":[{"resource":"r73"}],"successors":[18]},{"start_lb":52979,"min_duration":0,"resources":[{"resource":"r74"}],"successors":[18]},{"start_lb":52979,"min_duration":164,"resources":[{"resource":"r70"}],"successors":[19]},{"start_lb":53152,"min_duration":0,"resources":[{"resource":"r69"}],"successors":[20]},{"start_lb":53152,"min_duration":123,"resources":[{"resource":"r68"}],"successors":[21,22]},{"start_lb":53281,"min_duration":0,"resources":[{"resource":"r66"}],"successors":[23]},{"start_lb":53281,"min_duration":0,"resources":[{"resource":"r67"}],"successors":[23]},{"start_lb":53281,"min_duration":166,"resources":[{"resource":"r65"}],"successors":[24]},{"start_lb":53456,"min_duration":0,"resources":[{"resource":"r64"}],"successors":[25]},{"start_lb":53456,"min_duration":84,"resources":[{"resource":"r63"}],"successors":[26]},{"start_lb":53544,"min_duration":0,"resources":[{"resource":"r62"}],"successors":[27]},{"start_lb":53544,"min_duration":125,"resources":[{"resource":"r61"}],"successors":[28,29]},{"start_lb":53676,"min_duration":0,"resources":[{"resource":"r59"}],"successors":[30]},{"start_lb":53676,"min_duration":0,"resources":[{"resource":"r60"}],"successors":[30]},{"start_lb":53676,"min_duration":189,"resources":[{"resource":"r58"}],"successors":[31,32]},{"start_lb":53875,"min_duration":0,"resources":[{"resource":"r56"}],"successors":[33]},{"start_lb":53875,"min_duration":0,"resources":[{"resource":"r57"}],"successors":[33]},{"start_lb":53875,"min_duration":201,"resources":[{"resource":"r55"}],"successors":[34,35]},{"start_lb":54087,"min_duration":0,"resources":[{"resource":"r53"}],"successors":[36]},{"start_lb":54087,"min_duration":0,"resources":[{"resource":"r54"}],"successors":[36]},{"start_lb":54087,"min_duration":260,"resources":[{"resource":"r52"}],"successors":[37,38,39]},{"start_lb":54361,"min_duration":0,"resources":[{"resource":"r49"}],"successors":[40]},{"start_lb":54361,"min_duration":0,"resources":[{"resource":"r50"}],"successors":[40]},{"start_lb":54361,"min_duration":0,"resources":[{"resource":"r51"}],"successors":[40]},{"start_lb":54361,"min_duration":221,"resources":[{"resource":"r48"}],"successors":[41,42,43]},{"start_lb":54594,"min_duration":0,"resources":[{"resource":"r45"}],"successors":[44]},{"start_lb":54594,"min_duration":0,"resources":[{"resource":"r46"}],"successors":[44]},{"start_lb":54594,"min_duration":0,"resources":[{"resource":"r47"}],"successors":[44]},{"start_lb":54594,"min_duration":164,"resources":[{"resource":"r44"}],"successors":[45]},{"start_lb":54767,"min_duration":0,"resources":[{"resource":"r43"}],"successors":[46]},{"start_lb":54767,"min_duration":163,"resources":[{"resource":"r42"}],"successors":[47,48]},{"start_lb":54939,"min_duration":0,"resources":[{"resource":"r40"}],"successors":[49]},{"start_lb":54939,"min_duration":0,"resources":[{"resource":"r41"}],"successors":[49]},{"start_lb":54939,"min_duration":231,"resources":[{"resource":"r39"}],"successors":[50,51,52]},{"start_lb":55182,"min_duration":195,"resources":[{"resource":"r36"}],"successors":[53]},{"start_lb":55182,"min_duration":195,"resources":[{"resource":"r37"}],"successors":[53]},{"start_lb":55182,"min_duration":195,"resources":[{"resource":"r38"}],"successors":[53]},{"start_lb":55377,"min_duration":132,"resources":[{"resource":"r35"}],"successors":[54]},{"start_lb":55516,"min_duration":0,"resources":[{"resource":"r34"}],"successors":[55]},{"start_lb":55516,"min_duration":267,"resources":[{"resource":"r33"}],"successors":[56]},{"start_lb":55797,"min_duration":120,"resources":[{"resource":"r32"}],"successors":[57]},{"start_lb":55917,"min_duration":0,"successors":[]}],[{"start_ub":0,"min_duration":0,"successors":[1]},{"start_lb":50127,"min_duration":171,"resources":[{"resource":"r65"}],"successors":[2,3]},{"start_lb":50307,"min_duration":793,"resources":[{"resource":"r66"}],"successors":[4]},{"start_lb":50307,"min_duration":793,"resources":[{"resource":"r67"}],"successors":[4]},{"start_lb":50337,"min_duration":146,"resources":[{"resource":"r68"}],"successors":[5]},{"start_lb":50491,"min_duration":0,"resources":[{"resource":"r69"}],"successors":[6]},{"start_lb":50491,"min_duration":196,"resources":[{"resource":"r70"}],"successors":[7,8,9,10]},{"start_lb":50697,"min_duration":120,"resources":[{"resource":"r71"}],"successors":[11]},{"start_lb":50697,"min_duration":120,"resources":[{"resource":"r72"}],"successors":[11]},{"start_lb":50697,"min_duration":120,"resources":[{"resource":"r73"}],"successors":[11]},{"start_lb":50697,"min_duration":120,"resources":[{"resource":"r74"}],"successors":[11]},{"start_lb":50817,"min_duration":0,"successors":[]}],[{"start_ub":0,"min_duration":0,"successors":[1]},{"start_lb":50157,"min_duration":142,"resources":[{"resource":"r93"}],"successors":[2,3]},{"start_lb":50307,"min_duration":680,"resources":[{"resource":"r6"}],"successors":[4]},{"start_lb":50307,"min_duration":680,"resources":[{"resource":"r7"}],"successors":[4]},{"start_lb":50337,"min_duration":114,"resources":[{"resource":"r94"}],"successors":[5,6,7,8,9]},{"start_lb":50457,"min_duration":120,"resources":[{"resource":"r0"}],"successors":[10]},{"start_lb":50457,"min_duration":120,"resources":[{"resource":"r1"}],"successors":[10]},{"start_lb":50457,"min_duration":120,"resources":[{"resource":"r2"}],"successors":[10]},{"start_lb":50457,"min_duration":120,"resources":[{"resource":"r3"}],"successors":[10]},{"start_lb":50457,"min_duration":120,"resources":[{"resource":"r4"}],"successors":[10]},{"start_lb":50577,"min_duration":0,"successors":[]}],[{"start_ub":0,"min_duration":0,"successors":[1]},{"start_lb":50157,"min_duration":114,"resources":[{"resource":"r23"}],"successors":[2,3,4,5]},{"start_lb":50277,"min_duration":1017,"resources":[{"resource":"r24"}],"successors":[6]},{"start_lb":50277,"min_duration":1017,"resources":[{"resource":"r25"}],"successors":[6]},{"start_lb":50277,"min_duration":1017,"resources":[{"resource":"r26"}],"successors":[6]},{"start_lb":50277,"min_duration":1017,"resources":[{"resource":"r27"}],"successors":[6]},{"start_lb":50397,"min_duration":0,"successors":[]}],[{"start_ub":0,"min_duration":0,"successors":[1,2,3,4]},{"start_lb":50277,"min_duration":802,"resources":[{"resource":"r24"}],"successors":[5]},{"start_lb":50277,"min_duration":802,"resources":[{"resource":"r25"}],"successors":[5]},{"start_lb":50277,"min_duration":802,"resources":[{"resource":"r26"}],"successors":[5]},{"start_lb":50277,"min_duration":802,"resources":[{"resource":"r27"}],"successors":[5]},{"start_lb":50277,"min_duration":57,"resources":[{"resource":"r88"}],"successors":[6,7]},{"start_lb":50337,"min_duration":60,"resources":[{"resource":"r21"}],"successors":[8]},{"start_lb":50337,"min_duration":60,"resources":[{"resource":"r22"}],"successors":[8]},{"start_lb":50397,"min_duration":256,"resources":[{"resource":"r89"}],"successors":[9,10]},{"start_lb":50667,"min_duration":30,"resources":[{"resource":"r18"}],"successors":[11]},{"start_lb":50667,"min_duration":30,"resources":[{"resource":"r19"}],"successors":[11]},{"start_lb":50697,"min_duration":142,"resources":[{"resource":"r90"}],"successors":[12,13]},{"start_lb":50847,"min_duration":30,"resources":[{"resource":"r15"}],"successors":[14]},{"start_lb":50847,"min_duration":30,"resources":[{"resource":"r16"}],"successors":[14]},{"start_lb":50877,"min_duration":48,"resources":[{"resource":"r91"}],"successors":[15,16]},{"start_lb":50927,"min_duration":0,"resources":[{"resource":"r12"}],"successors":[17]},{"start_lb":50927,"min_duration":0,"resources":[{"resource":"r13"}],"successors":[17]},{"start_lb":50927,"min_duration":95,"resources":[{"resource":"r92"}],"successors":[18,19]},{"start_lb":51027,"min_duration":30,"resources":[{"resource":"r9"}],"successors":[20]},{"start_lb":51027,"min_duration":30,"resources":[{"resource":"r10"}],"successors":[20]},{"start_lb":51057,"min_duration":142,"resources":[{"resource":"r93"}],"successors":[21,22]},{"start_lb":51207,"min_duration":30,"resources":[{"resource":"r6"}],"successors":[23]},{"start_lb":51207,"min_duration":30,"resources":[{"resource":"r7"}],"successors":[23]},{"start_lb":51237,"min_duration":114,"resources":[{"resource":"r94"}],"successors":[24,25,26,27,28]},{"start_lb":51357,"min_duration":120,"resources":[{"resource":"r0"}],"successors":[29]},{"start_lb":51357,"min_duration":120,"resources":[{"resource":"r1"}],"successors":[29]},{"start_lb":51357,"min_duration":120,"resources":[{"resource":"r2"}],"successors":[29]},{"start_lb":51357,"min_duration":120,"resources":[{"resource":"r3"}],"successors":[29]},{"start_lb":51357,"min_duration":120,"resources":[{"resource":"r4"}],"successors":[29]},{"start_lb":51477,"min_duration":0,"successors":[]}],[{"start_ub":0,"min_duration":0,"successors":[1]},{"start_lb":50063,"min_duration":146,"resources":[{"resource":"r68"}],"successors":[2,3]},{"start_lb":50217,"min_duration":896,"resources":[{"resource":"r66"}],"successors":[4]},{"start_lb":50217,"min_duration":896,"resources":[{"resource":"r67"}],"successors":[4]},{"start_lb":50337,"min_duration":171,"resources":[{"resource":"r65"}],"successors":[5]},{"start_lb":50517,"min_duration":0,"resources":[{"resource":"r64"}],"successors":[6]},{"start_lb":50517,"min_duration":86,"resources":[{"resource":"r63"}],"successors":[7]},{"start_lb":50607,"min_duration":30,"resources":[{"resource":"r62"}],"successors":[8]},{"start_lb":50637,"min_duration":142,"resources":[{"resource":"r61"}],"successors":[9,10]},{"start_lb":50787,"min_duration":30,"resources":[{"resource":"r59"}],"successors":[11]},{"start_lb":50787,"min_duration":30,"resources":[{"resource":"r60"}],"successors":[11]},{"start_lb":50817,"min_duration":200,"resources":[{"resource":"r58"}],"successors":[12,13]},{"start_lb":51027,"min_duration":30,"resources":[{"resource":"r56"}],"successors":[14]},{"start_lb":51027,"min_duration":30,"resources":[{"resource":"r57"}],"successors":[14]},{"start_lb":51057,"min_duration":200,"resources":[{"resource":"r55"}],"successors":[15,16]},{"start_lb":51267,"min_duration":30,"resources":[{"resource":"r53"}],"successors":[17]},{"start_lb":51267,"min_duration":30,"resources":[{"resource":"r54"}],"successors":[17]},{"start_lb":51297,"min_duration":256,"resources":[{"resource":"r52"}],"successors":[18,19,20]},{"start_lb":51567,"min_duration":30,"resources":[{"resource":"r49"}],"successors":[21]},{"start_lb":51567,"min_duration":30,"resources":[{"resource":"r50"}],"successors":[21]},{"start_lb":51567,"min_duration":30,"resources":[{"resource":"r51"}],"successors":[21]},{"start_lb":51597,"min_duration":200,"resources":[{"resource":"r48"}],"successors":[22,23,24]},{"start_lb":51807,"min_duration":30,"resources":[{"resource":"r45"}],"successors":[25]},{"start_lb":51807,"min_duration":30,"resources":[{"resource":"r46"}],"successors":[25]},{"start_lb":51807,"min_duration":30,"resources":[{"resource":"r47"}],"successors":[25]},{"start_lb":51837,"min_duration":142,"resources":[{"resource":"r44"}],"successors":[26]},{"start_lb":51987,"min_duration":0,"resources":[{"resource":"r43"}],"successors":[27]},{"start_lb":51987,"min_duration":142,"resources":[{"resource":"r42"}],"successors":[28,29]},{"start_lb":52137,"min_duration":60,"resources":[{"resource":"r40"}],"successors":[30]},{"start_lb":52137,"min_duration":60,"resources":[{"resource":"r41"}],"successors":[30]},{"start_lb":52197,"min_duration":200,"resources":[{"resource":"r39"}],"successors":[31,32,33]},{"start_lb":52407,"min_duration":30,"resources":[{"resource":"r36"}],"successors":[34]},{"start_lb":52407,"min_duration":30,"resources":[{"resource":"r37"}],"successors":[34]},{"start_lb":52407,"min_duration":30,"resources":[{"resource":"r38"}],"successors":[34]},{"start_lb":52437,"min_duration":142,"resources":[{"resource":"r35"}],"successors":[35]},{"start_lb":52587,"min_duration":30,"resources":[{"resource":"r34"}],"successors":[36]},{"start_lb":52617,"min_duration":49,"resources":[{"resource":"r33"}],"successors":[37]},{"start_lb":52669,"min_duration":0,"resources":[{"resource":"r32"}],"successors":[38]},{"start_lb":52669,"min_duration":93,"resources":[{"resource":"r31"}],"successors":[39,40]},{"start_lb":52767,"min_duration":30,"resources":[{"resource":"r29"}],"successors":[41]},{"start_lb":52767,"min_duration":30,"resources":[{"resource":"r30"}],"successors":[41]},{"start_lb":52797,"min_duration":142,"resources":[{"resource":"r28"}],"successors":[42,43,44,45]},{"start_lb":52947,"min_duration":30,"resources":[{"resource":"r24"}],"successors":[46]},{"start_lb":52947,"min_duration":30,"resources":[{"resource":"r25"}],"successors":[46]},{"start_lb":52947,"min_duration":30,"resources":[{"resource":"r26"}],"successors":[46]},{"start_lb":52947,"min_duration":30,"resources":[{"resource":"r27"}],"successors":[46]},{"start_lb":52977,"min_duration":57,"resources":[{"resource":"r88"}],"successors":[47,48]},{"start_lb":53037,"min_duration":60,"resources":[{"resource":"r21"}],"successors":[49]},{"start_lb":53037,"min_duration":60,"resources":[{"resource":"r22"}],"successors":[49]},{"start_lb":53097,"min_duration":256,"resources":[{"resource":"r89"}],"successors":[50,51]},{"start_lb":53367,"min_duration":30,"resources":[{"resource":"r18"}],"successors":[52]},{"start_lb":53367,"min_duration":30,"resources":[{"resource":"r19"}],"successors":[52]},{"start_lb":53397,"min_duration":142,"resources":[{"resource":"r90"}],"successors":[53,54]},{"start_lb":53547,"min_duration":30,"resources":[{"resource":"r15"}],"successors":[55]},{"start_lb":53547,"min_duration":30,"resources":[{"resource":"r16"}],"successors":[55]},{"start_lb":53577,"min_duration":48,"resources":[{"resource":"r91"}],"successors":[56,57]},{"start_lb":53627,"min_duration":0,"resources":[{"resource":"r12"}],"successors":[58]},{"start_lb":53627,"min_duration":0,"resources":[{"resource":"r13"}],"successors":[58]},{"start_lb":53627,"min_duration":95,"resources":[{"resource":"r92"}],"successors":[59,60]},{"start_lb":53727,"min_duration":30,"resources":[{"resource":"r9"}],"successors":[61]},{"start_lb":53727,"min_duration":30,"resources":[{"resource":"r10"}],"successors":[61]},{"start_lb":53757,"min_duration":142,"resources":[{"resource":"r93"}],"successors":[62,63]},{"start_lb":53907,"min_duration":30,"resources":[{"resource":"r6"}],"successors":[64]},{"start_lb":53907,"min_duration":30,"resources":[{"resource":"r7"}],"successors":[64]},{"start_lb":53937,"min_duration":114,"resources":[{"resource":"r94"}],"successors":[65,66,67,68,69]},{"start_lb":54057,"min_duration":120,"resources":[{"resource":"r0"}],"successors":[70]},{"start_lb":54057,"min_duration":120,"resources":[{"resource":"r1"}],"successors":[70]},{"start_lb":54057,"min_duration":120,"resources":[{"resource":"r2"}],"successors":[70]},{"start_lb":54057,"min_duration":120,"resources":[{"resource":"r3"}],"successors":[70]},{"start_lb":54057,"min_duration":120,"resources":[{"resource":"r4"}],"successors":[70]},{"start_lb":54177,"min_duration":0,"successors":[]}],[{"start_ub":0,"min_duration":0,"successors":[1,2,3,4,5]},{"start_lb":50997,"min_duration":0,"resources":[{"resource":"r0"}],"successors":[6]},{"start_lb":50997,"min_duration":0,"resources":[{"resource":"r1"}],"successors":[6]},{"start_lb":50997,"min_duration":0,"resources":[{"resource":"r2"}],"successors":[6]},{"start_lb":50997,"min_duration":0,"resources":[{"resource":"r3"}],"successors":[6]},{"start_lb":50997,"min_duration":0,"resources":[{"resource":"r4"}],"successors":[6]},{"start_lb":50997,"min_duration":86,"resources":[{"resource":"r5"}],"successors":[7,8]},{"start_lb":51087,"min_duration":30,"resources":[{"resource":"r6"}],"successors":[9]},{"start_lb":51087,"min_duration":30,"resources":[{"resource":"r7"}],"successors":[9]},{"start_lb":51117,"min_duration":142,"resources":[{"resource":"r8"}],"successors":[10,11]},{"start_lb":51267,"min_duration":30,"resources":[{"resource":"r9"}],"successors":[12]},{"start_lb":51267,"min_duration":30,"resources":[{"resource":"r10"}],"successors":[12]},{"start_lb":51297,"min_duration":95,"resources":[{"resource":"r11"}],"successors":[13,14]},{"start_lb":51397,"min_duration":0,"resources":[{"resource":"r12"}],"successors":[15]},{"start_lb":51397,"min_duration":0,"resources":[{"resource":"r13"}],"successors":[15]},{"start_lb":51397,"min_duration":48,"resources":[{"resource":"r14"}],"successors":[16,17]},{"start_lb":51447,"min_duration":30,"resources":[{"resource":"r15"}],"successors":[18]},{"start_lb":51447,"min_duration":30,"resources":[{"resource":"r16"}],"successors":[18]},{"start_lb":51477,"min_duration":142,"resources":[{"resource":"r17"}],"successors":[19,20]},{"start_lb":51627,"min_duration":30,"resources":[{"resource":"r18"}],"successors":[21]},{"start_lb":51627,"min_duration":30,"resources":[{"resource":"r19"}],"successors":[21]},{"start_lb":51657,"min_duration":228,"resources":[{"resource":"r20"}],"successors":[22,23]},{"start_lb":51897,"min_duration":60,"resources":[{"resource":"r21"}],"successors":[24]},{"start_lb":51897,"min_duration":60,"resources":[{"resource":"r22"}],"successors":[24]},{"start_lb":51957,"min_duration":114,"resources":[{"resource":"r23"}],"successors":[25,26,27,28]},{"start_lb":52077,"min_duration":120,"resources":[{"resource":"r24"}],"successors":[29]},{"start_lb":52077,"min_duration":120,"resources":[{"resource":"r25"}],"successors":[29]},{"start_lb":52077,"min_duration":120,"resources":[{"resource":"r26"}],"successors":[29]},{"start_lb":52077,"min_duration":120,"resources":[{"resource":"r27"}],"successors":[29]},{"start_lb":52197,"min_duration":0,"successors":[]}],[{"start_ub":0,"min_duration":0,"successors":[1]},{"start_lb":50142,"min_duration":157,"resources":[{"resource":"r42"}],"successors":[2,3]},{"start_lb":50307,"min_duration":518,"resources":[{"resource":"r40"}],"successors":[4]},{"start_lb":50307,"min_duration":518,"resources":[{"resource":"r41"}],"successors":[4]},{"start_lb":50337,"min_duration":200,"resources":[{"resource":"r39"}],"successors":[5,6,7]},{"start_lb":50547,"min_duration":30,"resources":[{"resource":"r36"}],"successors":[8]},{"start_lb":50547,"min_duration":30,"resources":[{"resource":"r37"}],"successors":[8]},{"start_lb":50547,"min_duration":30,"resources":[{"resource":"r38"}],"successors":[8]},{"start_lb":50577,"min_duration":86,"resources":[{"resource":"r35"}],"successors":[9]},{"start_lb":50667,"min_duration":30,"resources":[{"resource":"r34"}],"successors":[10]},{"start_lb":50697,"min_duration":74,"resources":[{"resource":"r33"}],"successors":[11]},{"start_lb":50775,"min_duration":0,"resources":[{"resource":"r32"}],"successors":[12]},{"start_lb":50775,"min_duration":125,"resources":[{"resource":"r31"}],"successors":[13,14]},{"start_lb":50907,"min_duration":30,"resources":[{"resource":"r29"}],"successors":[15]},{"start_lb":50907,"min_duration":30,"resources":[{"resource":"r30"}],"successors":[15]},{"start_lb":50937,"min_duration":200,"resources":[{"resource":"r28"}],"successors":[16,17,18,19]},{"start_lb":51147,"min_duration":30,"resources":[{"resource":"r24"}],"successors":[20]},{"start_lb":51147,"min_duration":30,"resources":[{"resource":"r25"}],"successors":[20]},{"start_lb":51147,"min_duration":30,"resources":[{"resource":"r26"}],"successors":[20]},{"start_lb":51147,"min_duration":30,"resources":[{"resource":"r27"}],"successors":[20]},{"start_lb":51177,"min_duration":57,"resources":[{"resource":"r88"}],"successors":[21,22]},{"start_lb":51237,"min_duration":60,"resources":[{"resource":"r21"}],"successors":[23]},{"start_lb":51237,"min_duration":60,"resources":[{"resource":"r22"}],"successors":[23]},{"start_lb":51297,"min_duration":256,"resources":[{"resource":"r89"}],"successors":[24,25]},{"start_lb":51567,"min_duration":30,"resources":[{"resource":"r18"}],"successors":[26]},{"start_lb":51567,"min_duration":30,"resources":[{"resource":"r19"}],"successors":[26]},{"start_lb":51597,"min_duration":142,"resources":[{"resource":"r90"}],"successors":[27,28]},{"start_lb":51747,"min_duration":30,"resources":[{"resource":"r15"}],"successors":[29]},{"start_lb":51747,"min_duration":30,"resources":[{"resource":"r16"}],"successors":[29]},{"start_lb":51777,"min_duration":48,"resources":[{"resource":"r91"}],"successors":[30,31]},{"start_lb":51827,"min_duration":0,"resources":[{"resource":"r12"}],"successors":[32]},{"start_lb":51827,"min_duration":0,"resources":[{"resource":"r13"}],"successors":[32]},{"start_lb":51827,"min_duration":95,"resources":[{"resource":"r92"}],"successors":[33,34]},{"start_lb":51927,"min_duration":30,"resources":[{"resource":"r9"}],"successors":[35]},{"start_lb":51927,"min_duration":30,"resources":[{"resource":"r10"}],"successors":[35]},{"start_lb":51957,"min_duration":142,"resources":[{"resource":"r93"}],"successors":[36,37]},{"start_lb":52107,"min_duration":30,"resources":[{"resource":"r6"}],"successors":[38]},{"start_lb":52107,"min_duration":30,"resources":[{"resource":"r7"}],"successors":[38]},{"start_lb":52137,"min_duration":114,"resources":[{"resource":"r94"}],"successors":[39,40,41,42,43]},{"start_lb":52257,"min_duration":120,"resources":[{"resource":"r0"}],"successors":[44]},{"start_lb":52257,"min_duration":120,"resources":[{"resource":"r1"}],"successors":[44]},{"start_lb":52257,"min_duration":120,"resources":[{"resource":"r2"}],"successors":[44]},{"start_lb":52257,"min_duration":120,"resources":[{"resource":"r3"}],"successors":[44]},{"start_lb":52257,"min_duration":120,"resources":[{"resource":"r4"}],"successors":[44]},{"start_lb":52377,"min_duration":0,"successors":[]}],[{"start_ub":0,"min_duration":0,"successors":[1]},{"start_lb":49977,"min_duration":200,"resources":[{"resource":"r39"}],"successors":[2,3]},{"start_lb":50187,"min_duration":852,"resources":[{"resource":"r40"}],"successors":[4]},{"start_lb":50187,"min_duration":852,"resources":[{"resource":"r41"}],"successors":[4]},{"start_lb":50337,"min_duration":157,"resources":[{"resource":"r42"}],"successors":[5]},{"start_lb":50502,"min_duration":0,"resources":[{"resource":"r43"}],"successors":[6]},{"start_lb":50502,"min_duration":157,"resources":[{"resource":"r44"}],"successors":[7,8,9]},{"start_lb":50667,"min_duration":30,"resources":[{"resource":"r45"}],"successors":[10]},{"start_lb":50667,"min_duration":30,"resources":[{"resource":"r46"}],"successors":[10]},{"start_lb":50667,"min_duration":30,"resources":[{"resource":"r47"}],"successors":[10]},{"start_lb":50697,"min_duration":200,"resources":[{"resource":"r48"}],"successors":[11,12,13]},{"start_lb":50907,"min_duration":30,"resources":[{"resource":"r49"}],"successors":[14]},{"start_lb":50907,"min_duration":30,"resources":[{"resource":"r50"}],"successors":[14]},{"start_lb":50907,"min_duration":30,"resources":[{"resource":"r51"}],"successors":[14]},{"start_lb":50937,"min_duration":228,"resources":[{"resource":"r52"}],"successors":[15,16]},{"start_lb":51177,"min_duration":120,"resources":[{"resource":"r53"}],"successors":[17]},{"start_lb":51177,"min_duration":120,"resources":[{"resource":"r54"}],"successors":[17]},{"start_lb":51297,"min_duration":200,"resources":[{"resource":"r55"}],"successors":[18,19]},{"start_lb":51507,"min_duration":30,"resources":[{"resource":"r56"}],"successors":[20]},{"start_lb":51507,"min_duration":30,"resources":[{"resource":"r57"}],"successors":[20]},{"start_lb":51537,"min_duration":142,"resources":[{"resource":"r58"}],"successors":[21,22]},{"start_lb":51687,"min_duration":30,"resources":[{"resource":"r59"}],"successors":[23]},{"start_lb":51687,"min_duration":30,"resources":[{"resource":"r60"}],"successors":[23]},{"start_lb":51717,"min_duration":142,"resources":[{"resource":"r61"}],"successors":[24]},{"start_lb":51867,"min_duration":30,"resources":[{"resource":"r62"}],"successors":[25]},{"start_lb":51897,"min_duration":86,"resources":[{"resource":"r63"}],"successors":[26]},{"start_lb":51987,"min_duration":0,"resources":[{"resource":"r64"}],"successors":[27]},{"start_lb":51987,"min_duration":171,"resources":[{"resource":"r65"}],"successors":[28,29]},{"start_lb":52167,"min_duration":30,"resources":[{"resource":"r66"}],"successors":[30]},{"start_lb":52167,"min_duration":30,"resources":[{"resource":"r67"}],"successors":[30]},{"start_lb":52197,"min_duration":146,"resources":[{"resource":"r68"}],"successors":[31]},{"start_lb":52351,"min_duration":0,"resources":[{"resource":"r69"}],"successors":[32]},{"start_lb":52351,"min_duration":196,"resources":[{"resource":"r70"}],"successors":[33,34,35,36]},{"start_lb":52557,"min_duration":120,"resources":[{"resource":"r71"}],"successors":[37]},{"start_lb":52557,"min_duration":120,"resources":[{"resource":"r72"}],"successors":[37]},{"start_lb":52557,"min_duration":120,"resources":[{"resource":"r73"}],"successors":[37]},{"start_lb":52557,"min_duration":120,"resources":[{"resource":"r74"}],"successors":[37]},{"start_lb":52677,"min_duration":0,"successors":[]}],[{"start_ub":0,"min_duration":0,"successors":[1]},{"start_lb":50157,"min_duration":87,"resources":[{"resource":"r17"}],"successors":[2,3]},{"start_lb":50249,"min_duration":617,"resources":[{"resource":"r18"}],"successors":[4]},{"start_lb":50249,"min_duration":617,"resources":[{"resource":"r19"}],"successors":[4]},{"start_lb":50249,"min_duration":255,"resources":[{"resource":"r20"}],"successors":[5,6]},{"start_lb":50517,"min_duration":60,"resources":[{"resource":"r21"}],"successors":[7]},{"start_lb":50517,"min_duration":60,"resources":[{"resource":"r22"}],"successors":[7]},{"start_lb":50577,"min_duration":75,"resources":[{"resource":"r23"}],"successors":[8,9,10,11]},{"start_lb":50656,"min_duration":0,"resources":[{"resource":"r24"}],"successors":[12]},{"start_lb":50656,"min_duration":0,"resources":[{"resource":"r25"}],"successors":[12]},{"start_lb":50656,"min_duration":0,"resources":[{"resource":"r26"}],"successors":[12]},{"start_lb":50656,"min_duration":0,"resources":[{"resource":"r27"}],"successors":[12]},{"start_lb":50656,"min_duration":153,"resources":[{"resource":"r28"}],"successors":[13,14]},{"start_lb":50817,"min_duration":120,"resources":[{"resource":"r29"}],"successors":[15]},{"start_lb":50817,"min_duration":120,"resources":[{"resource":"r30"}],"successors":[15]},{"start_lb":50937,"min_duration":130,"resources":[{"resource":"r31"}],"successors":[16]},{"start_lb":51074,"min_duration":0,"resources":[{"resource":"r32"}],"successors":[17]},{"start_lb":51074,"min_duration":38,"resources":[{"resource":"r33"}],"successors":[18]},{"start_lb":51114,"min_duration":0,"resources":[{"resource":"r34"}],"successors":[19]},{"start_lb":51114,"min_duration":60,"resources":[{"resource":"r35"}],"successors":[20,21,22]},{"start_lb":51177,"min_duration":0,"resources":[{"resource":"r36"}],"successors":[23]},{"start_lb":51177,"min_duration":0,"resources":[{"resource":"r37"}],"successors":[23]},{"start_lb":51177,"min_duration":0,"resources":[{"resource":"r38"}],"successors":[23]},{"start_lb":51177,"min_duration":171,"resources":[{"resource":"r39"}],"successors":[24,25]},{"start_lb":51357,"min_duration":60,"resources":[{"resource":"r40"}],"successors":[26]},{"start_lb":51357,"min_duration":60,"resources":[{"resource":"r41"}],"successors":[26]},{"start_lb":51417,"min_duration":142,"resources":[{"resource":"r42"}],"successors":[27]},{"start_lb":51567,"min_duration":0,"resources":[{"resource":"r43"}],"successors":[28]},{"start_lb":51567,"min_duration":142,"resources":[{"resource":"r44"}],"successors":[29,30,31]},{"start_lb":51717,"min_duration":120,"resources":[{"resource":"r45"}],"successors":[32]},{"start_lb":51717,"min_duration":120,"resources":[{"resource":"r46"}],"successors":[32]},{"start_lb":51717,"min_duration":120,"resources":[{"resource":"r47"}],"successors":[32]},{"start_lb":51837,"min_duration":182,"resources":[{"resource":"r48"}],"successors":[33,34,35]},{"start_lb":52029,"min_duration":0,"resources":[{"resource":"r49"}],"successors":[36]},{"start_lb":52029,"min_duration":0,"resources":[{"resource":"r50"}],"successors":[36]},{"start_lb":52029,"min_duration":0,"resources":[{"resource":"r51"}],"successors":[36]},{"start_lb":52029,"min_duration":169,"resources":[{"resource":"r52"}],"successors":[37,38]},{"start_lb":52207,"min_duration":0,"resources":[{"resource":"r53"}],"successors":[39]},{"start_lb":52207,"min_duration":0,"resources":[{"resource":"r54"}],"successors":[39]},{"start_lb":52207,"min_duration":147,"resources":[{"resource":"r55"}],"successors":[40,41]},{"start_lb":52362,"min_duration":0,"resources":[{"resource":"r56"}],"successors":[42]},{"start_lb":52362,"min_duration":0,"resources":[{"resource":"r57"}],"successors":[42]},{"start_lb":52362,"min_duration":157,"resources":[{"resource":"r58"}],"successors":[43,44]},{"start_lb":52527,"min_duration":180,"resources":[{"resource":"r59"}],"successors":[45]},{"start_lb":52527,"min_duration":180,"resources":[{"resource":"r60"}],"successors":[45]},{"start_lb":52707,"min_duration":95,"resources":[{"resource":"r61"}],"successors":[46]},{"start_lb":52807,"min_duration":0,"resources":[{"resource":"r62"}],"successors":[47]},{"start_lb":52807,"min_duration":78,"resources":[{"resource":"r63"}],"successors":[48]},{"start_lb":52889,"min_duration":0,"resources":[{"resource":"r64"}],"successors":[49]},{"start_lb":52889,"min_duration":155,"resources":[{"resource":"r65"}],"successors":[50,51]},{"start_lb":53052,"min_duration":245,"resources":[{"resource":"r66"}],"successors":[52]},{"start_lb":53052,"min_duration":245,"resources":[{"resource":"r67"}],"successors":[52]},{"start_lb":53297,"min_duration":114,"resources":[{"resource":"r68"}],"successors":[53]},{"start_lb":53417,"min_duration":0,"resources":[{"resource":"r69"}],"successors":[54]},{"start_lb":53417,"min_duration":152,"resources":[{"resource":"r70"}],"successors":[55,56,57,58]},{"start_lb":53577,"min_duration":60,"resources":[{"resource":"r71"}],"successors":[59]},{"start_lb":53577,"min_duration":60,"resources":[{"resource":"r72"}],"successors":[59]},{"start_lb":53577,"min_duration":60,"resources":[{"resource":"r73"}],"successors":[59]},{"start_lb":53577,"min_duration":60,"resources":[{"resource":"r74"}],"successors":[59]},{"start_lb":53637,"min_duration":541,"resources":[{"resource":"r75"}],"successors":[60,61]},{"start_lb":54206,"min_duration":120,"resources":[{"resource":"r76"}],"successors":[62]},{"start_lb":54206,"min_duration":120,"resources":[{"resource":"r77"}],"successors":[62]},{"start_lb":54326,"min_duration":491,"resources":[{"resource":"r78"}],"successors":[63,64]},{"start_lb":54843,"min_duration":0,"resources":[{"resource":"r79"}],"successors":[65]},{"start_lb":54843,"min_duration":0,"resources":[{"resource":"r80"}],"successors":[65]},{"start_lb":54843,"min_duration":247,"resources":[{"resource":"r81"}],"successors":[66,67]},{"start_lb":55103,"min_duration":0,"resources":[{"resource":"r82"}],"successors":[68]},{"start_lb":55103,"min_duration":0,"resources":[{"resource":"r83"}],"successors":[68]},{"start_lb":55103,"min_duration":774,"resources":[{"resource":"r84"}],"successors":[69,70,71]},{"start_lb":55918,"min_duration":59,"resources":[{"resource":"r85"}],"successors":[72]},{"start_lb":55918,"min_duration":59,"resources":[{"resource":"r86"}],"successors":[72]},{"start_lb":55918,"min_duration":59,"resources":[{"resource":"r87"}],"successors":[72]},{"start_lb":55977,"min_duration":0,"successors":[]}],[{"start_ub":0,"min_duration":0,"successors":[1,2,3,4,5]},{"start_lb":51897,"min_duration":0,"resources":[{"resource":"r0"}],"successors":[6]},{"start_lb":51897,"min_duration":0,"resources":[{"resource":"r1"}],"successors":[6]},{"start_lb":51897,"min_duration":0,"resources":[{"resource":"r2"}],"successors":[6]},{"start_lb":51897,"min_duration":0,"resources":[{"resource":"r3"}],"successors":[6]},{"start_lb":51897,"min_duration":0,"resources":[{"resource":"r4"}],"successors":[6]},{"start_lb":51897,"min_duration":86,"resources":[{"resource":"r5"}],"successors":[7,8]},{"start_lb":51987,"min_duration":30,"resources":[{"resource":"r6"}],"successors":[9]},{"start_lb":51987,"min_duration":30,"resources":[{"resource":"r7"}],"successors":[9]},{"start_lb":52017,"min_duration":142,"resources":[{"resource":"r8"}],"successors":[10,11]},{"start_lb":52167,"min_duration":30,"resources":[{"resource":"r9"}],"successors":[12]},{"start_lb":52167,"min_duration":30,"resources":[{"resource":"r10"}],"successors":[12]},{"start_lb":52197,"min_duration":95,"resources":[{"resource":"r11"}],"successors":[13,14]},{"start_lb":52297,"min_duration":0,"resources":[{"resource":"r12"}],"successors":[15]},{"start_lb":52297,"min_duration":0,"resources":[{"resource":"r13"}],"successors":[15]},{"start_lb":52297,"min_duration":48,"resources":[{"resource":"r14"}],"successors":[16,17]},{"start_lb":52347,"min_duration":30,"resources":[{"resource":"r15"}],"successors":[18]},{"start_lb":52347,"min_duration":30,"resources":[{"resource":"r16"}],"successors":[18]},{"start_lb":52377,"min_duration":142,"resources":[{"resource":"r17"}],"successors":[19,20]},{"start_lb":52527,"min_duration":30,"resources":[{"resource":"r18"}],"successors":[21]},{"start_lb":52527,"min_duration":30,"resources":[{"resource":"r19"}],"successors":[21]},{"start_lb":52557,"min_duration":228,"resources":[{"resource":"r20"}],"successors":[22,23]},{"start_lb":52797,"min_duration":60,"resources":[{"resource":"r21"}],"successors":[24]},{"start_lb":52797,"min_duration":60,"resources":[{"resource":"r22"}],"successors":[24]},{"start_lb":52857,"min_duration":86,"resources":[{"resource":"r23"}],"successors":[25,26,27,28]},{"start_lb":52947,"min_duration":30,"resources":[{"resource":"r24"}],"successors":[29]},{"start_lb":52947,"min_duration":30,"resources":[{"resource":"r25"}],"successors":[29]},{"start_lb":52947,"min_duration":30,"resources":[{"resource":"r26"}],"successors":[29]},{"start_lb":52947,"min_duration":30,"resources":[{"resource":"r27"}],"successors":[29]},{"start_lb":52977,"min_duration":142,"resources":[{"resource":"r28"}],"successors":[30,31]},{"start_lb":53127,"min_duration":30,"resources":[{"resource":"r29"}],"successors":[32]},{"start_lb":53127,"min_duration":30,"resources":[{"resource":"r30"}],"successors":[32]},{"start_lb":53157,"min_duration":144,"resources":[{"resource":"r31"}],"successors":[33]},{"start_lb":53309,"min_duration":0,"resources":[{"resource":"r32"}],"successors":[34]},{"start_lb":53309,"min_duration":55,"resources":[{"resource":"r33"}],"successors":[35]},{"start_lb":53367,"min_duration":30,"resources":[{"resource":"r34"}],"successors":[36]},{"start_lb":53397,"min_duration":142,"resources":[{"resource":"r35"}],"successors":[37,38,39]},{"start_lb":53547,"min_duration":30,"resources":[{"resource":"r36"}],"successors":[40]},{"start_lb":53547,"min_duration":30,"resources":[{"resource":"r37"}],"successors":[40]},{"start_lb":53547,"min_duration":30,"resources":[{"resource":"r38"}],"successors":[40]},{"start_lb":53577,"min_duration":228,"resources":[{"resource":"r39"}],"successors":[41,42]},{"start_lb":53817,"min_duration":120,"resources":[{"resource":"r40"}],"successors":[43]},{"start_lb":53817,"min_duration":120,"resources":[{"resource":"r41"}],"successors":[43]},{"start_lb":53937,"min_duration":200,"resources":[{"resource":"r42"}],"successors":[44]},{"start_lb":54147,"min_duration":0,"resources":[{"resource":"r43"}],"successors":[45]},{"start_lb":54147,"min_duration":200,"resources":[{"resource":"r44"}],"successors":[46,47,48]},{"start_lb":54357,"min_duration":120,"resources":[{"resource":"r45"}],"successors":[49]},{"start_lb":54357,"min_duration":120,"resources":[{"resource":"r46"}],"successors":[49]},{"start_lb":54357,"min_duration":120,"resources":[{"resource":"r47"}],"successors":[49]},{"start_lb":54477,"min_duration":0,"successors":[]}],[{"start_ub":0,"min_duration":0,"successors":[1]},{"start_lb":50097,"min_duration":86,"resources":[{"resource":"r5"}],"successors":[2,3]},{"start_lb":50187,"min_duration":858,"resources":[{"resource":"r6"}],"successors":[4]},{"start_lb":50187,"min_duration":858,"resources":[{"resource":"r7"}],"successors":[4]},{"start_lb":50217,"min_duration":142,"resources":[{"resource":"r8"}],"successors":[5,6]},{"start_lb":50367,"min_duration":30,"resources":[{"resource":"r9"}],"successors":[7]},{"start_lb":50367,"min_duration":30,"resources":[{"resource":"r10"}],"successors":[7]},{"start_lb":50397,"min_duration":95,"resources":[{"resource":"r11"}],"successors":[8,9]},{"start_lb":50497,"min_duration":0,"resources":[{"resource":"r12"}],"successors":[10]},{"start_lb":50497,"min_duration":0,"resources":[{"resource":"r13"}],"successors":[10]},{"start_lb":50497,"min_duration":48,"resources":[{"resource":"r14"}],"successors":[11,12]},{"start_lb":50547,"min_duration":30,"resources":[{"resource":"r15"}],"successors":[13]},{"start_lb":50547,"min_duration":30,"resources":[{"resource":"r16"}],"successors":[13]},{"start_lb":50577,"min_duration":142,"resources":[{"resource":"r17"}],"successors":[14,15]},{"start_lb":50727,"min_duration":30,"resources":[{"resource":"r18"}],"successors":[16]},{"start_lb":50727,"min_duration":30,"resources":[{"resource":"r19"}],"successors":[16]},{"start_lb":50757,"min_duration":228,"resources":[{"resource":"r20"}],"successors":[17,18]},{"start_lb":50997,"min_duration":60,"resources":[{"resource":"r21"}],"successors":[19]},{"start_lb":50997,"min_duration":60,"resources":[{"resource":"r22"}],"successors":[19]},{"start_lb":51057,"min_duration":86,"resources":[{"resource":"r23"}],"successors":[20,21,22,23]},{"start_lb":51147,"min_duration":30,"resources":[{"resource":"r24"}],"successors":[24]},{"start_lb":51147,"min_duration":30,"resources":[{"resource":"r25"}],"successors":[24]},{"start_lb":51147,"min_duration":30,"resources":[{"resource":"r26"}],"successors":[24]},{"start_lb":51147,"min_duration":30,"resources":[{"resource":"r27"}],"successors":[24]},{"start_lb":51177,"min_duration":142,"resources":[{"resource":"r28"}],"successors":[25,26]},{"start_lb":51327,"min_duration":30,"resources":[{"resource":"r29"}],"successors":[27]},{"start_lb":51327,"min_duration":30,"resources":[{"resource":"r30"}],"successors":[27]},{"start_lb":51357,"min_duration":129,"resources":[{"resource":"r31"}],"successors":[28]},{"start_lb":51493,"min_duration":0,"resources":[{"resource":"r32"}],"successors":[29]},{"start_lb":51493,"min_duration":70,"resources":[{"resource":"r33"}],"successors":[30]},{"start_lb":51567,"min_duration":30,"resources":[{"resource":"r34"}],"successors":[31]},{"start_lb":51597,"min_duration":142,"resources":[{"resource":"r35"}],"successors":[32,33,34]},{"start_lb":51747,"min_duration":30,"resources":[{"resource":"r36"}],"successors":[35]},{"start_lb":51747,"min_duration":30,"resources":[{"resource":"r37"}],"successors":[35]},{"start_lb":51747,"min_duration":30,"resources":[{"resource":"r38"}],"successors":[35]},{"start_lb":51777,"min_duration":228,"resources":[{"resource":"r39"}],"successors":[36,37]},{"start_lb":52017,"min_duration":120,"resources":[{"resource":"r40"}],"successors":[38]},{"start_lb":52017,"min_duration":120,"resources":[{"resource":"r41"}],"successors":[38]},{"start_lb":52137,"min_duration":157,"resources":[{"resource":"r42"}],"successors":[39]},{"start_lb":52302,"min_duration":0,"resources":[{"resource":"r43"}],"successors":[40]},{"start_lb":52302,"min_duration":157,"resources":[{"resource":"r44"}],"successors":[41,42,43]},{"start_lb":52467,"min_duration":30,"resources":[{"resource":"r45"}],"successors":[44]},{"start_lb":52467,"min_duration":30,"resources":[{"resource":"r46"}],"successors":[44]},{"start_lb":52467,"min_duration":30,"resources":[{"resource":"r47"}],"successors":[44]},{"start_lb":52497,"min_duration":200,"resources":[{"resource":"r48"}],"successors":[45,46,47]},{"start_lb":52707,"min_duration":30,"resources":[{"resource":"r49"}],"successors":[48]},{"start_lb":52707,"min_duration":30,"resources":[{"resource":"r50"}],"successors":[48]},{"start_lb":52707,"min_duration":30,"resources":[{"resource":"r51"}],"successors":[48]},{"start_lb":52737,"min_duration":228,"resources":[{"resource":"r52"}],"successors":[49,50]},{"start_lb":52977,"min_duration":120,"resources":[{"resource":"r53"}],"successors":[51]},{"start_lb":52977,"min_duration":120,"resources":[{"resource":"r54"}],"successors":[51]},{"start_lb":53097,"min_duration":200,"resources":[{"resource":"r55"}],"successors":[52,53]},{"start_lb":53307,"min_duration":30,"resources":[{"resource":"r56"}],"successors":[54]},{"start_lb":53307,"min_duration":30,"resources":[{"resource":"r57"}],"successors":[54]},{"start_lb":53337,"min_duration":171,"resources":[{"resource":"r58"}],"successors":[55,56]},{"start_lb":53517,"min_duration":180,"resources":[{"resource":"r59"}],"successors":[57]},{"start_lb":53517,"min_duration":180,"resources":[{"resource":"r60"}],"successors":[57]},{"start_lb":53697,"min_duration":142,"resources":[{"resource":"r61"}],"successors":[58]},{"start_lb":53847,"min_duration":30,"resources":[{"resource":"r62"}],"successors":[59]},{"start_lb":53877,"min_duration":86,"resources":[{"resource":"r63"}],"successors":[60]},{"start_lb":53967,"min_duration":0,"resources":[{"resource":"r64"}],"successors":[61]},{"start_lb":53967,"min_duration":171,"resources":[{"resource":"r65"}],"successors":[62,63]},{"start_lb":54147,"min_duration":30,"resources":[{"resource":"r66"}],"successors":[64]},{"start_lb":54147,"min_duration":30,"resources":[{"resource":"r67"}],"successors":[64]},{"start_lb":54177,"min_duration":146,"resources":[{"resource":"r68"}],"successors":[65]},{"start_lb":54331,"min_duration":0,"resources":[{"resource":"r69"}],"successors":[66]},{"start_lb":54331,"min_duration":196,"resources":[{"resource":"r70"}],"successors":[67,68,69,70]},{"start_lb":54537,"min_duration":120,"resources":[{"resource":"r71"}],"successors":[71]},{"start_lb":54537,"min_duration":120,"resources":[{"resource":"r72"}],"successors":[71]},{"start_lb":54537,"min_duration":120,"resources":[{"resource":"r73"}],"successors":[71]},{"start_lb":54537,"min_duration":120,"resources":[{"resource":"r74"}],"successors":[71]},{"start_lb":54657,"min_duration":0,"successors":[]}],[{"start_ub":0,"min_duration":0,"successors":[1,2,3,4]},{"start_lb":51717,"min_duration":0,"resources":[{"resource":"r71"}],"successors":[5]},{"start_lb":51717,"min_duration":0,"resources":[{"resource":"r72"}],"successors":[5]},{"start_lb":51717,"min_duration":0,"resources":[{"resource":"r73"}],"successors":[5]},{"start_lb":51717,"min_duration":0,"resources":[{"resource":"r74"}],"successors":[5]},{"start_lb":51717,"min_duration":196,"resources":[{"resource":"r70"}],"successors":[6]},{"start_lb":51923,"min_duration":0,"resources":[{"resource":"r69"}],"successors":[7]},{"start_lb":51923,"min_duration":146,"resources":[{"resource":"r68"}],"successors":[8,9]},{"start_lb":52077,"min_duration":120,"resources":[{"resource":"r66"}],"successors":[10]},{"start_lb":52077,"min_duration":120,"resources":[{"resource":"r67"}],"successors":[10]},{"start_lb":52197,"min_duration":171,"resources":[{"resource":"r65"}],"successors":[11]},{"start_lb":52377,"min_duration":0,"resources":[{"resource":"r64"}],"successors":[12]},{"start_lb":52377,"min_duration":86,"resources":[{"resource":"r63"}],"successors":[13]},{"start_lb":52467,"min_duration":30,"resources":[{"resource":"r62"}],"successors":[14]},{"start_lb":52497,"min_duration":142,"resources":[{"resource":"r61"}],"successors":[15,16]},{"start_lb":52647,"min_duration":30,"resources":[{"resource":"r59"}],"successors":[17]},{"start_lb":52647,"min_duration":30,"resources":[{"resource":"r60"}],"successors":[17]},{"start_lb":52677,"min_duration":142,"resources":[{"resource":"r58"}],"successors":[18,19]},{"start_lb":52827,"min_duration":30,"resources":[{"resource":"r56"}],"successors":[20]},{"start_lb":52827,"min_duration":30,"resources":[{"resource":"r57"}],"successors":[20]},{"start_lb":52857,"min_duration":200,"resources":[{"resource":"r55"}],"successors":[21,22]},{"start_lb":53067,"min_duration":30,"resources":[{"resource":"r53"}],"successors":[23]},{"start_lb":53067,"min_duration":30,"resources":[{"resource":"r54"}],"successors":[23]},{"start_lb":53097,"min_duration":256,"resources":[{"resource":"r52"}],"successors":[24,25,26]},{"start_lb":53367,"min_duration":30,"resources":[{"resource":"r49"}],"successors":[27]},{"start_lb":53367,"min_duration":30,"resources":[{"resource":"r50"}],"successors":[27]},{"start_lb":53367,"min_duration":30,"resources":[{"resource":"r51"}],"successors":[27]},{"start_lb":53397,"min_duration":200,"resources":[{"resource":"r48"}],"successors":[28,29,30]},{"start_lb":53607,"min_duration":30,"resources":[{"resource":"r45"}],"successors":[31]},{"start_lb":53607,"min_duration":30,"resources":[{"resource":"r46"}],"successors":[31]},{"start_lb":53607,"min_duration":30,"resources":[{"resource":"r47"}],"successors":[31]},{"start_lb":53637,"min_duration":142,"resources":[{"resource":"r44"}],"successors":[32]},{"start_lb":53787,"min_duration":0,"resources":[{"resource":"r43"}],"successors":[33]},{"start_lb":53787,"min_duration":142,"resources":[{"resource":"r42"}],"successors":[34,35]},{"start_lb":53937,"min_duration":60,"resources":[{"resource":"r40"}],"successors":[36]},{"start_lb":53937,"min_duration":60,"resources":[{"resource":"r41"}],"successors":[36]},{"start_lb":53997,"min_duration":200,"resources":[{"resource":"r39"}],"successors":[37,38,39]},{"start_lb":54207,"min_duration":30,"resources":[{"resource":"r36"}],"successors":[40]},{"start_lb":54207,"min_duration":30,"resources":[{"resource":"r37"}],"successors":[40]},{"start_lb":54207,"min_duration":30,"resources":[{"resource":"r38"}],"successors":[40]},{"start_lb":54237,"min_duration":86,"resources":[{"resource":"r35"}],"successors":[41]},{"start_lb":54327,"min_duration":30,"resources":[{"resource":"r34"}],"successors":[42]},{"start_lb":54357,"min_duration":74,"resources":[{"resource":"r33"}],"successors":[43]},{"start_lb":54435,"min_duration":0,"resources":[{"resource":"r32"}],"successors":[44]},{"start_lb":54435,"min_duration":125,"resources":[{"resource":"r31"}],"successors":[45,46]},{"start_lb":54567,"min_duration":30,"resources":[{"resource":"r29"}],"successors":[47]},{"start_lb":54567,"min_duration":30,"resources":[{"resource":"r30"}],"successors":[47]},{"start_lb":54597,"min_duration":142,"resources":[{"resource":"r28"}],"successors":[48,49,50,51]},{"start_lb":54747,"min_duration":30,"resources":[{"resource":"r24"}],"successors":[52]},{"start_lb":54747,"min_duration":30,"resources":[{"resource":"r25"}],"successors":[52]},{"start_lb":54747,"min_duration":30,"resources":[{"resource":"r26"}],"successors":[52]},{"start_lb":54747,"min_duration":30,"resources":[{"resource":"r27"}],"successors":[52]},{"start_lb":54777,"min_duration":57,"resources":[{"resource":"r88"}],"successors":[53,54]},{"start_lb":54837,"min_duration":60,"resources":[{"resource":"r21"}],"successors":[55]},{"start_lb":54837,"min_duration":60,"resources":[{"resource":"r22"}],"successors":[55]},{"start_lb":54897,"min_duration":256,"resources":[{"resource":"r89"}],"successors":[56,57]},{"start_lb":55167,"min_duration":30,"resources":[{"resource":"r18"}],"successors":[58]},{"start_lb":55167,"min_duration":30,"resources":[{"resource":"r19"}],"successors":[58]},{"start_lb":55197,"min_duration":142,"resources":[{"resource":"r90"}],"successors":[59,60]},{"start_lb":55347,"min_duration":30,"resources":[{"resource":"r15"}],"successors":[61]},{"start_lb":55347,"min_duration":30,"resources":[{"resource":"r16"}],"successors":[61]},{"start_lb":55377,"min_duration":48,"resources":[{"resource":"r91"}],"successors":[62,63]},{"start_lb":55427,"min_duration":0,"resources":[{"resource":"r12"}],"successors":[64]},{"start_lb":55427,"min_duration":0,"resources":[{"resource":"r13"}],"successors":[64]},{"start_lb":55427,"min_duration":95,"resources":[{"resource":"r92"}],"successors":[65,66]},{"start_lb":55527,"min_duration":30,"resources":[{"resource":"r9"}],"successors":[67]},{"start_lb":55527,"min_duration":30,"resources":[{"resource":"r10"}],"successors":[67]},{"start_lb":55557,"min_duration":142,"resources":[{"resource":"r93"}],"successors":[68,69]},{"start_lb":55707,"min_duration":30,"resources":[{"resource":"r6"}],"successors":[70]},{"start_lb":55707,"min_duration":30,"resources":[{"resource":"r7"}],"successors":[70]},{"start_lb":55737,"min_duration":114,"resources":[{"resource":"r94"}],"successors":[71,72,73,74,75]},{"start_lb":55857,"min_duration":120,"resources":[{"resource":"r0"}],"successors":[76]},{"start_lb":55857,"min_duration":120,"resources":[{"resource":"r1"}],"successors":[76]},{"start_lb":55857,"min_duration":120,"resources":[{"resource":"r2"}],"successors":[76]},{"start_lb":55857,"min_duration":120,"resources":[{"resource":"r3"}],"successors":[76]},{"start_lb":55857,"min_duration":120,"resources":[{"resource":"r4"}],"successors":[76]},{"start_lb":55977,"min_duration":0,"successors":[]}],[{"start_ub":0,"min_duration":0,"successors":[1,2,3,4]},{"start_lb":55197,"min_duration":0,"resources":[{"resource":"r71"}],"successors":[5]},{"start_lb":55197,"min_duration":0,"resources":[{"resource":"r72"}],"successors":[5]},{"start_lb":55197,"min_duration":0,"resources":[{"resource":"r73"}],"successors":[5]},{"start_lb":55197,"min_duration":0,"resources":[{"resource":"r74"}],"successors":[5]},{"start_lb":55197,"min_duration":180,"resources":[{"resource":"r70"}],"successors":[6]},{"start_lb":55386,"min_duration":0,"resources":[{"resource":"r69"}],"successors":[7]},{"start_lb":55386,"min_duration":134,"resources":[{"resource":"r68"}],"successors":[8,9]},{"start_lb":55527,"min_duration":30,"resources":[{"resource":"r66"}],"successors":[10]},{"start_lb":55527,"min_duration":30,"resources":[{"resource":"r67"}],"successors":[10]},{"start_lb":55557,"min_duration":171,"resources":[{"resource":"r65"}],"successors":[11]},{"start_lb":55737,"min_duration":0,"resources":[{"resource":"r64"}],"successors":[12]},{"start_lb":55737,"min_duration":86,"resources":[{"resource":"r63"}],"successors":[13]},{"start_lb":55827,"min_duration":30,"resources":[{"resource":"r62"}],"successors":[14]},{"start_lb":55857,"min_duration":142,"resources":[{"resource":"r61"}],"successors":[15,16]},{"start_lb":56007,"min_duration":30,"resources":[{"resource":"r59"}],"successors":[17]},{"start_lb":56007,"min_duration":30,"resources":[{"resource":"r60"}],"successors":[17]},{"start_lb":56037,"min_duration":142,"resources":[{"resource":"r58"}],"successors":[18,19]},{"start_lb":56187,"min_duration":30,"resources":[{"resource":"r56"}],"successors":[20]},{"start_lb":56187,"min_duration":30,"resources":[{"resource":"r57"}],"successors":[20]},{"start_lb":56217,"min_duration":200,"resources":[{"resource":"r55"}],"successors":[21,22]},{"start_lb":56427,"min_duration":150,"resources":[{"resource":"r53"}],"successors":[23]},{"start_lb":56427,"min_duration":150,"resources":[{"resource":"r54"}],"successors":[23]},{"start_lb":56577,"min_duration":256,"resources":[{"resource":"r52"}],"successors":[24,25,26]},{"start_lb":56847,"min_duration":30,"resources":[{"resource":"r49"}],"successors":[27]},{"start_lb":56847,"min_duration":30,"resources":[{"resource":"r50"}],"successors":[27]},{"start_lb":56847,"min_duration":30,"resources":[{"resource":"r51"}],"successors":[27]},{"start_lb":56877,"min_duration":223,"resources":[{"resource":"r48"}],"successors":[28,29,30]},{"start_lb":57112,"min_duration":125,"resources":[{"resource":"r45"}],"successors":[31]},{"start_lb":57112,"min_duration":125,"resources":[{"resource":"r46"}],"successors":[31]},{"start_lb":57112,"min_duration":125,"resources":[{"resource":"r47"}],"successors":[31]},{"start_lb":57237,"min_duration":157,"resources":[{"resource":"r44"}],"successors":[32]},{"start_lb":57402,"min_duration":0,"resources":[{"resource":"r43"}],"successors":[33]},{"start_lb":57402,"min_duration":157,"resources":[{"resource":"r42"}],"successors":[34,35]},{"start_lb":57567,"min_duration":30,"resources":[{"resource":"r40"}],"successors":[36]},{"start_lb":57567,"min_duration":30,"resources":[{"resource":"r41"}],"successors":[36]},{"start_lb":57597,"min_duration":200,"resources":[{"resource":"r39"}],"successors":[37,38,39]},{"start_lb":57807,"min_duration":30,"resources":[{"resource":"r36"}],"successors":[40]},{"start_lb":57807,"min_duration":30,"resources":[{"resource":"r37"}],"successors":[40]},{"start_lb":57807,"min_duration":30,"resources":[{"resource":"r38"}],"successors":[40]},{"start_lb":57837,"min_duration":86,"resources":[{"resource":"r35"}],"successors":[41]},{"start_lb":57927,"min_duration":30,"resources":[{"resource":"r34"}],"successors":[42]},{"start_lb":57957,"min_duration":74,"resources":[{"resource":"r33"}],"successors":[43]},{"start_lb":58035,"min_duration":0,"resources":[{"resource":"r32"}],"successors":[44]},{"start_lb":58035,"min_duration":125,"resources":[{"resource":"r31"}],"successors":[45,46]},{"start_lb":58167,"min_duration":30,"resources":[{"resource":"r29"}],"successors":[47]},{"start_lb":58167,"min_duration":30,"resources":[{"resource":"r30"}],"successors":[47]},{"start_lb":58197,"min_duration":142,"resources":[{"resource":"r28"}],"successors":[48,49,50,51]},{"start_lb":58347,"min_duration":30,"resources":[{"resource":"r24"}],"successors":[52]},{"start_lb":58347,"min_duration":30,"resources":[{"resource":"r25"}],"successors":[52]},{"start_lb":58347,"min_duration":30,"resources":[{"resource":"r26"}],"successors":[52]},{"start_lb":58347,"min_duration":30,"resources":[{"resource":"r27"}],"successors":[52]},{"start_lb":58377,"min_duration":57,"resources":[{"resource":"r88"}],"successors":[53,54]},{"start_lb":58437,"min_duration":60,"resources":[{"resource":"r21"}],"successors":[55]},{"start_lb":58437,"min_duration":60,"resources":[{"resource":"r22"}],"successors":[55]},{"start_lb":58497,"min_duration":256,"resources":[{"resource":"r89"}],"successors":[56,57]},{"start_lb":58767,"min_duration":30,"resources":[{"resource":"r18"}],"successors":[58]},{"start_lb":58767,"min_duration":30,"resources":[{"resource":"r19"}],"successors":[58]},{"start_lb":58797,"min_duration":142,"resources":[{"resource":"r90"}],"successors":[59,60]},{"start_lb":58947,"min_duration":30,"resources":[{"resource":"r15"}],"successors":[61]},{"start_lb":58947,"min_duration":30,"resources":[{"resource":"r16"}],"successors":[61]},{"start_lb":58977,"min_duration":48,"resources":[{"resource":"r91"}],"successors":[62,63]},{"start_lb":59027,"min_duration":0,"resources":[{"resource":"r12"}],"successors":[64]},{"start_lb":59027,"min_duration":0,"resources":[{"resource":"r13"}],"successors":[64]},{"start_lb":59027,"min_duration":95,"resources":[{"resource":"r92"}],"successors":[65,66]},{"start_lb":59127,"min_duration":30,"resources":[{"resource":"r9"}],"successors":[67]},{"start_lb":59127,"min_duration":30,"resources":[{"resource":"r10"}],"successors":[67]},{"start_lb":59157,"min_duration":142,"resources":[{"resource":"r93"}],"successors":[68,69]},{"start_lb":59307,"min_duration":30,"resources":[{"resource":"r6"}],"successors":[70]},{"start_lb":59307,"min_duration":30,"resources":[{"resource":"r7"}],"successors":[70]},{"start_lb":59337,"min_duration":114,"resources":[{"resource":"r94"}],"successors":[71,72,73,74,75]},{"start_lb":59457,"min_duration":120,"resources":[{"resource":"r0"}],"successors":[76]},{"start_lb":59457,"min_duration":120,"resources":[{"resource":"r1"}],"successors":[76]},{"start_lb":59457,"min_duration":120,"resources":[{"resource":"r2"}],"successors":[76]},{"start_lb":59457,"min_duration":120,"resources":[{"resource":"r3"}],"successors":[76]},{"start_lb":59457,"min_duration":120,"resources":[{"resource":"r4"}],"successors":[76]},{"start_lb":59577,"min_duration":0,"successors":[]}],[{"start_ub":0,"min_duration":0,"successors":[1,2,3]},{"start_lb":52738,"min_duration":59,"resources":[{"resource":"r85"}],"successors":[4]},{"start_lb":52738,"min_duration":59,"resources":[{"resource":"r86"}],"successors":[4]},{"start_lb":52738,"min_duration":59,"resources":[{"resource":"r87"}],"successors":[4]},{"start_lb":52797,"min_duration":670,"resources":[{"resource":"r84"}],"successors":[5,6]},{"start_lb":53502,"min_duration":0,"resources":[{"resource":"r82"}],"successors":[7]},{"start_lb":53502,"min_duration":0,"resources":[{"resource":"r83"}],"successors":[7]},{"start_lb":53502,"min_duration":262,"resources":[{"resource":"r81"}],"successors":[8,9]},{"start_lb":53778,"min_duration":0,"resources":[{"resource":"r79"}],"successors":[10]},{"start_lb":53778,"min_duration":0,"resources":[{"resource":"r80"}],"successors":[10]},{"start_lb":53778,"min_duration":503,"resources":[{"resource":"r78"}],"successors":[11,12]},{"start_lb":54307,"min_duration":0,"resources":[{"resource":"r76"}],"successors":[13]},{"start_lb":54307,"min_duration":0,"resources":[{"resource":"r77"}],"successors":[13]},{"start_lb":54307,"min_duration":569,"resources":[{"resource":"r75"}],"successors":[14,15,16,17]},{"start_lb":54906,"min_duration":60,"resources":[{"resource":"r71"}],"successors":[18]},{"start_lb":54906,"min_duration":60,"resources":[{"resource":"r72"}],"successors":[18]},{"start_lb":54906,"min_duration":60,"resources":[{"resource":"r73"}],"successors":[18]},{"start_lb":54906,"min_duration":60,"resources":[{"resource":"r74"}],"successors":[18]},{"start_lb":54966,"min_duration":150,"resources":[{"resource":"r70"}],"successors":[19]},{"start_lb":55124,"min_duration":0,"resources":[{"resource":"r69"}],"successors":[20]},{"start_lb":55124,"min_duration":112,"resources":[{"resource":"r68"}],"successors":[21,22]},{"start_lb":55242,"min_duration":0,"resources":[{"resource":"r66"}],"successors":[23]},{"start_lb":55242,"min_duration":0,"resources":[{"resource":"r67"}],"successors":[23]},{"start_lb":55242,"min_duration":140,"resources":[{"resource":"r65"}],"successors":[24]},{"start_lb":55389,"min_duration":0,"resources":[{"resource":"r64"}],"successors":[25]},{"start_lb":55389,"min_duration":69,"resources":[{"resource":"r63"}],"successors":[26]},{"start_lb":55462,"min_duration":0,"resources":[{"resource":"r62"}],"successors":[27]},{"start_lb":55462,"min_duration":90,"resources":[{"resource":"r61"}],"successors":[28,29]},{"start_lb":55557,"min_duration":0,"resources":[{"resource":"r59"}],"successors":[30]},{"start_lb":55557,"min_duration":0,"resources":[{"resource":"r60"}],"successors":[30]},{"start_lb":55557,"min_duration":114,"resources":[{"resource":"r58"}],"successors":[31,32]},{"start_lb":55677,"min_duration":0,"resources":[{"resource":"r56"}],"successors":[33]},{"start_lb":55677,"min_duration":0,"resources":[{"resource":"r57"}],"successors":[33]},{"start_lb":55677,"min_duration":152,"resources":[{"resource":"r55"}],"successors":[34,35]},{"start_lb":55837,"min_duration":0,"resources":[{"resource":"r53"}],"successors":[36]},{"start_lb":55837,"min_duration":0,"resources":[{"resource":"r54"}],"successors":[36]},{"start_lb":55837,"min_duration":233,"resources":[{"resource":"r52"}],"successors":[37,38,39]},{"start_lb":56082,"min_duration":180,"resources":[{"resource":"r49"}],"successors":[40]},{"start_lb":56082,"min_duration":180,"resources":[{"resource":"r50"}],"successors":[40]},{"start_lb":56082,"min_duration":180,"resources":[{"resource":"r51"}],"successors":[40]},{"start_lb":56262,"min_duration":189,"resources":[{"resource":"r48"}],"successors":[41,42,43]},{"start_lb":56461,"min_duration":0,"resources":[{"resource":"r45"}],"successors":[44]},{"start_lb":56461,"min_duration":0,"resources":[{"resource":"r46"}],"successors":[44]},{"start_lb":56461,"min_duration":0,"resources":[{"resource":"r47"}],"successors":[44]},{"start_lb":56461,"min_duration":136,"resources":[{"resource":"r44"}],"successors":[45]},{"start_lb":56604,"min_duration":0,"resources":[{"resource":"r43"}],"successors":[46]},{"start_lb":56604,"min_duration":136,"resources":[{"resource":"r42"}],"successors":[47,48]},{"start_lb":56747,"min_duration":150,"resources":[{"resource":"r40"}],"successors":[49]},{"start_lb":56747,"min_duration":150,"resources":[{"resource":"r41"}],"successors":[49]},{"start_lb":56897,"min_duration":209,"resources":[{"resource":"r39"}],"successors":[50,51,52]},{"start_lb":57117,"min_duration":180,"resources":[{"resource":"r36"}],"successors":[53]},{"start_lb":57117,"min_duration":180,"resources":[{"resource":"r37"}],"successors":[53]},{"start_lb":57117,"min_duration":180,"resources":[{"resource":"r38"}],"successors":[53]},{"start_lb":57297,"min_duration":95,"resources":[{"resource":"r35"}],"successors":[54]},{"start_lb":57397,"min_duration":0,"resources":[{"resource":"r34"}],"successors":[55]},{"start_lb":57397,"min_duration":73,"resources":[{"resource":"r33"}],"successors":[56]},{"start_lb":57474,"min_duration":0,"resources":[{"resource":"r32"}],"successors":[57]},{"start_lb":57474,"min_duration":117,"resources":[{"resource":"r31"}],"successors":[58,59]},{"start_lb":57597,"min_duration":0,"resources":[{"resource":"r29"}],"successors":[60]},{"start_lb":57597,"min_duration":0,"resources":[{"resource":"r30"}],"successors":[60]},{"start_lb":57597,"min_duration":114,"resources":[{"resource":"r28"}],"successors":[61,62,63,64]},{"start_lb":57717,"min_duration":0,"resources":[{"resource":"r24"}],"successors":[65]},{"start_lb":57717,"min_duration":0,"resources":[{"resource":"r25"}],"successors":[65]},{"start_lb":57717,"min_duration":0,"resources":[{"resource":"r26"}],"successors":[65]},{"start_lb":57717,"min_duration":0,"resources":[{"resource":"r27"}],"successors":[65]},{"start_lb":57717,"min_duration":57,"resources":[{"resource":"r88"}],"successors":[66,67]},{"start_lb":57777,"min_duration":120,"resources":[{"resource":"r21"}],"successors":[68]},{"start_lb":57777,"min_duration":120,"resources":[{"resource":"r22"}],"successors":[68]},{"start_lb":57897,"min_duration":298,"resources":[{"resource":"r89"}],"successors":[69,70]},{"start_lb":58211,"min_duration":0,"resources":[{"resource":"r18"}],"successors":[71]},{"start_lb":58211,"min_duration":0,"resources":[{"resource":"r19"}],"successors":[71]},{"start_lb":58211,"min_duration":102,"resources":[{"resource":"r90"}],"successors":[72,73]},{"start_lb":58318,"min_duration":59,"resources":[{"resource":"r15"}],"successors":[74]},{"start_lb":58318,"min_duration":59,"resources":[{"resource":"r16"}],"successors":[74]},{"start_lb":58377,"min_duration":62,"resources":[{"resource":"r91"}],"successors":[75,76]},{"start_lb":58442,"min_duration":0,"resources":[{"resource":"r12"}],"successors":[77]},{"start_lb":58442,"min_duration":0,"resources":[{"resource":"r13"}],"successors":[77]},{"start_lb":58442,"min_duration":124,"resources":[{"resource":"r92"}],"successors":[78,79]},{"start_lb":58572,"min_duration":0,"resources":[{"resource":"r9"}],"successors":[80]},{"start_lb":58572,"min_duration":0,"resources":[{"resource":"r10"}],"successors":[80]},{"start_lb":58572,"min_duration":105,"resources":[{"resource":"r93"}],"successors":[81,82]},{"start_lb":58683,"min_duration":0,"resources":[{"resource":"r6"}],"successors":[83]},{"start_lb":58683,"min_duration":0,"resources":[{"resource":"r7"}],"successors":[83]},{"start_lb":58683,"min_duration":108,"resources":[{"resource":"r94"}],"successors":[84,85,86,87,88]},{"start_lb":58797,"min_duration":120,"resources":[{"resource":"r0"}],"successors":[89]},{"start_lb":58797,"min_duration":120,"resources":[{"resource":"r1"}],"successors":[89]},{"start_lb":58797,"min_duration":120,"resources":[{"resource":"r2"}],"successors":[89]},{"start_lb":58797,"min_duration":120,"resources":[{"resource":"r3"}],"successors":[89]},{"start_lb":58797,"min_duration":120,"resources":[{"resource":"r4"}],"successors":[89]},{"start_lb":58917,"min_duration":0,"successors":[]}]],"objective":[{"type":"op_delay","train":0,"operation":54,"threshold":55017,"coeff":1},{"type":"op_delay","train":1,"operation":57,"threshold":55917,"coeff":1},{"type":"op_delay","train":2,"operation":11,"threshold":50817,"coeff":1},{"type":"op_delay","train":3,"operation":10,"threshold":50577,"coeff":1},{"type":"op_delay","train":4,"operation":6,"threshold":50397,"coeff":1},{"type":"op_delay","train":5,"operation":29,"threshold":51477,"coeff":1},{"type":"op_delay","train":6,"operation":70,"threshold":54177,"coeff":1},{"type":"op_delay","train":7,"operation":29,"threshold":52197,"coeff":1},{"type":"op_delay","train":8,"operation":44,"threshold":52377,"coeff":1},{"type":"op_delay","train":9,"operation":37,"threshold":52677,"coeff":1},{"type":"op_delay","train":10,"operation":72,"threshold":55977,"coeff":1},{"type":"op_delay","train":11,"operation":49,"threshold":54477,"coeff":1},{"type":"op_delay","train":12,"operation":71,"threshold":54657,"coeff":1},{"type":"op_delay","train":13,"operation":76,"threshold":55977,"coeff":1},{"type":"op_delay","train":14,"operation":76,"threshold":59577,"coeff":1},{"type":"op_delay","train":15,"operation":89,"threshold":58917,"coeff":1}]}