{"trains":[[{"start_ub":0,"min_duration":0,"successors":[1]},{"start_lb":7647,"min_duration":236,"resources":[{"resource":"r0"}],"successors":[2,3,4]},{"start_lb":7895,"min_duration":889,"resources":[{"resource":"r1"}],"successors":[5]},{"start_lb":7895,"min_duration":889,"resources":[{"resource":"r2"}],"successors":[5]},{"start_lb":7895,"min_duration":889,"resources":[{"resource":"r3"}],"successors":[5]},{"start_lb":7895,"min_duration":162,"resources":[{"resource":"r4"}],"successors":[6]},{"start_lb":8066,"min_duration":0,"resources":[{"resource":"r5"}],"successors":[7]},{"start_lb":8066,"min_duration":162,"resources":[{"resource":"r6"}],"successors":[8,9]},{"start_lb":8236,"min_duration":0,"resources":[{"resource":"r7"}],"successors":[10]},{"start_lb":8236,"min_duration":0,"resources":[{"resource":"r8"}],"successors":[10]},{"start_lb":8236,"min_duration":196,"resources":[{"resource":"r9"}],"successors":[11,12,13]},{"start_lb":8442,"min_duration":0,"resources":[{"resource":"r10"}],"successors":[14]},{"start_lb":8442,"min_duration":0,"resources":[{"resource":"r11"}],"successors":[14]},{"start_lb":8442,"min_duration":0,"resources":[{"resource":"r12"}],"successors":[14]},{"start_lb":8442,"min_duration":100,"resources":[{"resource":"r13"}],"successors":[15]},{"start_lb":8547,"min_duration":0,"resources":[{"resource":"r14"}],"successors":[16]},{"start_lb":8547,"min_duration":256,"resources":[{"resource":"r15"}],"successors":[17]},{"start_lb":8817,"min_duration":120,"resources":[{"resource":"r16"}],"successors":[18]},{"start_lb":8937,"min_duration":0,"successors":[]}],[{"start_ub":0,"min_duration":0,"successors":[1]},{"start_lb":7797,"min_duration":86,"resources":[{"resource":"r22"}],"successors":[2,3]},{"start_lb":7887,"min_duration":619,"resources":[{"resource":"r23"}],"successors":[4]},{"start_lb":7887,"min_duration":619,"resources":[{"resource":"r24"}],"successors":[4]},{"start_lb":7917,"min_duration":142,"resources":[{"resource":"r25"}],"successors":[5,6]},{"start_lb":8067,"min_duration":30,"resources":[{"resource":"r26"}],"successors":[7]},{"start_lb":8067,"min_duration":30,"resources":[{"resource":"r27"}],"successors":[7]},{"start_lb":8097,"min_duration":95,"resources":[{"resource":"r28"}],"successors":[8,9]},{"start_lb":8197,"min_duration":0,"resources":[{"resource":"r29"}],"successors":[10]},{"start_lb":8197,"min_duration":0,"resources":[{"resource":"r30"}],"successors":[10]},{"start_lb":8197,"min_duration":48,"resources":[{"resource":"r31"}],"successors":[11,12]},{"start_lb":8247,"min_duration":30,"resources":[{"resource":"r32"}],"successors":[13]},{"start_lb":8247,"min_duration":30,"resources":[{"resource":"r33"}],"successors":[13]},{"start_lb":8277,"min_duration":142,"resources":[{"resource":"r34"}],"successors":[14,15]},{"start_lb":8427,"min_duration":30,"resources":[{"resource":"r35"}],"successors":[16]},{"start_lb":8427,"min_duration":30,"resources":[{"resource":"r36"}],"successors":[16]},{"start_lb":8457,"min_duration":228,"resources":[{"resource":"r37"}],"successors":[17,18]},{"start_lb":8697,"min_duration":60,"resources":[{"resource":"r38"}],"successors":[19]},{"start_lb":8697,"min_duration":60,"resources":[{"resource":"r39"}],"successors":[19]},{"start_lb":8757,"min_duration":114,"resources":[{"resource":"r40"}],"successors":[20,21,22,23]},{"start_lb":8877,"min_duration":120,"resources":[{"resource":"r41"}],"successors":[24]},{"start_lb":8877,"min_duration":120,"resources":[{"resource":"r42"}],"successors":[24]},{"start_lb":8877,"min_duration":120,"resources":[{"resource":"r43"}],"successors":[24]},{"start_lb":8877,"min_duration":120,"resources":[{"resource":"r44"}],"successors":[24]},{"start_lb":8997,"min_duration":0,"successors":[]}],[{"start_ub":0,"min_duration":0,"successors":[1]},{"start_lb":7857,"min_duration":200,"resources":[{"resource":"r55"}],"successors":[2,3]},{"start_lb":8067,"min_duration":30,"resources":[{"resource":"r53"}],"successors":[4]},{"start_lb":8067,"min_duration":30,"resources":[{"resource":"r54"}],"successors":[4]},{"start_lb":8097,"min_duration":200,"resources":[{"resource":"r52"}],"successors":[5,6,7]},{"start_lb":8307,"min_duration":30,"resources":[{"resource":"r49"}],"successors":[8]},{"start_lb":8307,"min_duration":30,"resources":[{"resource":"r50"}],"successors":[8]},{"start_lb":8307,"min_duration":30,"resources":[{"resource":"r51"}],"successors":[8]},{"start_lb":8337,"min_duration":200,"resources":[{"resource":"r0"}],"successors":[9,10,11]},{"start_lb":8547,"min_duration":30,"resources":[{"resource":"r1"}],"successors":[12]},{"start_lb":8547,"min_duration":30,"resources":[{"resource":"r2"}],"successors":[12]},{"start_lb":8547,"min_duration":30,"resources":[{"resource":"r3"}],"successors":[12]},{"start_lb":8577,"min_duration":142,"resources":[{"resource":"r4"}],"successors":[13]},{"start_lb":8727,"min_duration":0,"resources":[{"resource":"r5"}],"successors":[14]},{"start_lb":8727,"min_duration":142,"resources":[{"resource":"r6"}],"successors":[15,16]},{"start_lb":8877,"min_duration":60,"resources":[{"resource":"r7"}],"successors":[17]},{"start_lb":8877,"min_duration":60,"resources":[{"resource":"r8"}],"successors":[17]},{"start_lb":8937,"min_duration":200,"resources":[{"resource":"r9"}],"successors":[18,19,20]},{"start_lb":9147,"min_duration":30,"resources":[{"resource":"r10"}],"successors":[21]},{"start_lb":9147,"min_duration":30,"resources":[{"resource":"r11"}],"successors":[21]},{"start_lb":9147,"min_duration":30,"resources":[{"resource":"r12"}],"successors":[21]},{"start_lb":9177,"min_duration":142,"resources":[{"resource":"r13"}],"successors":[22]},{"start_lb":9327,"min_duration":30,"resources":[{"resource":"r14"}],"successors":[23]},{"start_lb":9357,"min_duration":51,"resources":[{"resource":"r15"}],"successors":[24]},{"start_lb":9411,"min_duration":0,"resources":[{"resource":"r16"}],"successors":[25]},{"start_lb":9411,"min_duration":148,"resources":[{"resource":"r48"}],"successors":[26,27]},{"start_lb":9567,"min_duration":30,"resources":[{"resource":"r46"}],"successors":[28]},{"start_lb":9567,"min_duration":30,"resources":[{"resource":"r47"}],"successors":[28]},{"start_lb":9597,"min_duration":142,"resources":[{"resource":"r45"}],"successors":[29,30,31,32]},{"start_lb":9747,"min_duration":30,"resources":[{"resource":"r41"}],"successors":[33]},{"start_lb":9747,"min_duration":30,"resources":[{"resource":"r42"}],"successors":[33]},{"start_lb":9747,"min_duration":30,"resources":[{"resource":"r43"}],"successors":[33]},{"start_lb":9747,"min_duration":30,"resources":[{"resource":"r44"}],"successors":[33]},{"start_lb":9777,"min_duration":57,"resources":[{"resource":"r88"}],"successors":[34,35]},{"start_lb":9837,"min_duration":60,"resources":[{"resource":"r38"}],"successors":[36]},{"start_lb":9837,"min_duration":60,"resources":[{"resource":"r39"}],"successors":[36]},{"start_lb":9897,"min_duration":256,"resources":[{"resource":"r89"}],"successors":[37,38]},{"start_lb":10167,"min_duration":30,"resources":[{"resource":"r35"}],"successors":[39]},{"start_lb":10167,"min_duration":30,"resources":[{"resource":"r36"}],"successors":[39]},{"start_lb":10197,"min_duration":142,"resources":[{"resource":"r90"}],"successors":[40,41]},{"start_lb":10347,"min_duration":30,"resources":[{"resource":"r32"}],"successors":[42]},{"start_lb":10347,"min_duration":30,"resources":[{"resource":"r33"}],"successors":[42]},{"start_lb":10377,"min_duration":48,"resources":[{"resource":"r91"}],"successors":[43,44]},{"start_lb":10427,"min_duration":0,"resources":[{"resource":"r29"}],"successors":[45]},{"start_lb":10427,"min_duration":0,"resources":[{"resource":"r30"}],"successors":[45]},{"start_lb":10427,"min_duration":95,"resources":[{"resource":"r92"}],"successors":[46,47]},{"start_lb":10527,"min_duration":30,"resources":[{"resource":"r26"}],"successors":[48]},{"start_lb":10527,"min_duration":30,"resources":[{"resource":"r27"}],"successors":[48]},{"start_lb":10557,"min_duration":142,"resources":[{"resource":"r93"}],"successors":[49,50]},{"start_lb":10707,"min_duration":30,"resources":[{"resource":"r23"}],"successors":[51]},{"start_lb":10707,"min_duration":30,"resources":[{"resource":"r24"}],"successors":[51]},{"start_lb":10737,"min_duration":114,"resources":[{"resource":"r94"}],"successors":[52,53,54,55,56]},{"start_lb":10857,"min_duration":120,"resources":[{"resource":"r17"}],"successors":[57]},{"start_lb":10857,"min_duration":120,"resources":[{"resource":"r18"}],"successors":[57]},{"start_lb":10857,"min_duration":120,"resources":[{"resource":"r19"}],"successors":[57]},{"start_lb":10857,"min_duration":120,"resources":[{"resource":"r20"}],"successors":[57]},{"start_lb":10857,"min_duration":120,"resources":[{"resource":"r21"}],"successors":[57]},{"start_lb":10977,"min_duration":0,"successors":[]}],[{"start_ub":0,"min_duration":0,"successors":[1]},{"start_lb":7857,"min_duration":144,"resources":[{"resource":"r48"}],"successors":[2]},{"start_lb":8009,"min_duration":0,"resources":[{"resource":"r16"}],"successors":[3]},{"start_lb":8009,"min_duration":55,"resources":[{"resource":"r15"}],"successors":[4]},{"start_lb":8067,"min_duration":30,"resources":[{"resource":"r14"}],"successors":[5]},{"start_lb":8097,"min_duration":142,"resources":[{"resource":"r13"}],"successors":[6,7,8]},{"start_lb":8247,"min_duration":210,"resources":[{"resource":"r10"}],"successors":[9]},{"start_lb":8247,"min_duration":210,"resources":[{"resource":"r11"}],"successors":[9]},{"start_lb":8247,"min_duration":210,"resources":[{"resource":"r12"}],"successors":[9]},{"start_lb":8457,"min_duration":257,"resources":[{"resource":"r9"}],"successors":[10,11]},{"start_lb":8728,"min_duration":209,"resources":[{"resource":"r7"}],"successors":[12]},{"start_lb":8728,"min_duration":209,"resources":[{"resource":"r8"}],"successors":[12]},{"start_lb":8937,"min_duration":157,"resources":[{"resource":"r6"}],"successors":[13]},{"start_lb":9102,"min_duration":0,"resources":[{"resource":"r5"}],"successors":[14]},{"start_lb":9102,"min_duration":157,"resources":[{"resource":"r4"}],"successors":[15,16,17]},{"start_lb":9267,"min_duration":30,"resources":[{"resource":"r1"}],"successors":[18]},{"start_lb":9267,"min_duration":30,"resources":[{"resource":"r2"}],"successors":[18]},{"start_lb":9267,"min_duration":30,"resources":[{"resource":"r3"}],"successors":[18]},{"start_lb":9297,"min_duration":180,"resources":[{"resource":"r0"}],"successors":[19,20,21]},{"start_lb":9487,"min_duration":50,"resources":[{"resource":"r49"}],"successors":[22]},{"start_lb":9487,"min_duration":50,"resources":[{"resource":"r50"}],"successors":[22]},{"start_lb":9487,"min_duration":50,"resources":[{"resource":"r51"}],"successors":[22]},{"start_lb":9537,"min_duration":228,"resources":[{"resource":"r52"}],"successors":[23,24]},{"start_lb":9777,"min_duration":120,"resources":[{"resource":"r53"}],"successors":[25]},{"start_lb":9777,"min_duration":120,"resources":[{"resource":"r54"}],"successors":[25]},{"start_lb":9897,"min_duration":200,"resources":[{"resource":"r55"}],"successors":[26,27]},{"start_lb":10107,"min_duration":30,"resources":[{"resource":"r56"}],"successors":[28]},{"start_lb":10107,"min_duration":30,"resources":[{"resource":"r57"}],"successors":[28]},{"start_lb":10137,"min_duration":142,"resources":[{"resource":"r58"}],"successors":[29,30]},{"start_lb":10287,"min_duration":30,"resources":[{"resource":"r59"}],"successors":[31]},{"start_lb":10287,"min_duration":30,"resources":[{"resource":"r60"}],"successors":[31]},{"start_lb":10317,"min_duration":142,"resources":[{"resource":"r61"}],"successors":[32]},{"start_lb":10467,"min_duration":30,"resources":[{"resource":"r62"}],"successors":[33]},{"start_lb":10497,"min_duration":86,"resources":[{"resource":"r63"}],"successors":[34]},{"start_lb":10587,"min_duration":0,"resources":[{"resource":"r64"}],"successors":[35]},{"start_lb":10587,"min_duration":171,"resources":[{"resource":"r65"}],"successors":[36,37]},{"start_lb":10767,"min_duration":30,"resources":[{"resource":"r66"}],"successors":[38]},{"start_lb":10767,"min_duration":30,"resources":[{"resource":"r67"}],"successors":[38]},{"start_lb":10797,"min_duration":146,"resources":[{"resource":"r68"}],"successors":[39]},{"start_lb":10951,"min_duration":0,"resources":[{"resource":"r69"}],"successors":[40]},{"start_lb":10951,"min_duration":196,"resources":[{"resource":"r70"}],"successors":[41,42,43,44]},{"start_lb":11157,"min_duration":120,"resources":[{"resource":"r71"}],"successors":[45]},{"start_lb":11157,"min_duration":120,"resources":[{"resource":"r72"}],"successors":[45]},{"start_lb":11157,"min_duration":120,"resources":[{"resource":"r73"}],"successors":[45]},{"start_lb":11157,"min_duration":120,"resources":[{"resource":"r74"}],"successors":[45]},{"start_lb":11277,"min_duration":0,"successors":[]}]],"objective":[{"type":"op_delay","train":0,"operation":18,"threshold":8937,"coeff":1},{"type":"op_delay","train":1,"operation":24,"threshold":8997,"coeff":1},{"type":"op_delay","train":2,"operation":57,"threshold":10977,"coeff":1},{"type":"op_delay","train":3,"operation":45,"threshold":11277,"coeff":1}]}